Data;Último_xangai;Abertura_xangai;Máxima_xangai;Mínima_xangai;Vol_xangai;Var%_xangai;Último_cingapura;Var%_cingapura;Último_vale;Abertura_vale;Máxima_vale;Mínima_vale;Vol_vale;Var%_vale
20/01/2023;856.5;854.5;865.5;848;408950;0.0076;123.08;0.0068;93.99;93.9;94.57;93.5;27050000;0.0027
19/01/2023;850;845.5;859.5;842;616980;0.0125;122.25;0.0073;93.74;93.8;94.37;93.32;21710000;0.0043
18/01/2023;839.5;835.5;848.5;831.5;622280;0.0066;121.37;0.0029;93.34;93.06;94.24;92.91;16740000;0.0131
17/01/2023;834;836;841.5;826.5;542980;-0.0142;121.02;0.0042;92.13;92.51;93.24;91.83;18720000;-0.0013
16/01/2023;846;859;863.5;830;1000000;-0.0276;120.51;-0.0249;92.25;92;92.39;90.83;19560000;-0.0167
13/01/2023;870;856.5;883;854;748520;0.0211;123.59;0.0128;93.82;93.69;94.28;93.36;16910000;0.0009
12/01/2023;852;850.5;861.5;843.5;639740;0.0095;122.03;0.0044;93.74;93.48;94.3;92.94;18060000;0.0053
11/01/2023;844;842;852.5;835;554600;0.012;121.5;0.0125;93.25;93.99;94.48;92.26;23830000;-0.0035
10/01/2023;834;829.5;844;826.5;725770;0.0054;120;0.0167;93.58;92.49;93.9;92.34;19820000;0.0123
9/01/2023;829.5;845;846.5;815.5;1100000;-0.0172;118.03;-0.0055;92.44;91.53;92.99;91.25;19290000;0.0011
6/01/2023;844;845;856;832;800370;0.0054;118.68;0.0213;92.34;91;92.74;91;31420000;0.0158
5/01/2023;839.5;841;847;830;734420;-0.0129;116.2;0.0013;90.9;89.46;91.68;89;29090000;0.0168
4/01/2023;850.5;852.5;860.5;840;754100;0.0012;116.05;-0.0093;89.4;89.3;89.65;87.94;26400000;0.0018
3/01/2023;849.5;857;859;842;523310;-0.0064;117.14;-0.0001;89.24;89.4;90.09;88.89;25330000;-0.0018
29/12/2022;839.5;838;847.5;831;766770;0.009;111.15;-0.0014;88.88;89;89.95;88.83;40110000;-0.0012
28/12/2022;832;837.5;838.5;825;569100;0.003;111.31;0.0005;88.99;89.19;90.21;88.7;23310000;-0.0022
27/12/2022;829.5;828;838;818;682130;0.0104;111.25;0.0035;89.19;88;89.65;87.47;26720000;0.0239
26/12/2022;821;825;832;807;826330;0.0049;110.86;0;87.11;86.42;87.54;86.33;18410000;0.0092
23/12/2022;817;820;827.5;805.5;892170;-0.0115;110.86;-0.0006;86.32;85.28;86.52;85.08;18660000;0.0066
22/12/2022;826.5;832.5;835;816;785540;0.0179;110.93;-0.0002;85.75;86.28;86.65;84.69;19430000;-0.0057
21/12/2022;812;806.5;829.5;797;867880;0.0144;110.95;0.0075;86.24;86.9;87.4;85.8;39180000;0.0057
20/12/2022;800.5;794;810;788;821860;-0.0031;110.12;0.006;85.75;85.37;87.25;85.31;22660000;0.0045
19/12/2022;803;821;821.5;792;1000000;-0.0255;109.46;-0.0145;85.37;85;85.59;84.24;27510000;-0.0036
16/12/2022;824;830.5;841.5;803;1100000;0.0086;111.07;-0.0009;85.68;87;87.32;84.51;37690000;-0.0171
15/12/2022;817;811.5;832;807.5;959400;0.0162;111.17;0.0164;87.17;87.39;88.17;86.89;24780000;0.0032
14/12/2022;804;808.5;813;794.5;793160;0.0075;109.38;-0.0003;86.89;85.75;87.33;85.5;34560000;0.0085
13/12/2022;798;802.5;809.5;789;803170;-0.0148;109.41;-0.0014;86.16;86.25;87.4;85.63;31560000;0.0008
12/12/2022;810;811.5;822.5;800.5;797360;0.0012;109.56;-0.0155;86.09;88.15;88.3;85.38;35000000;-0.0299
9/12/2022;809;795;823;795;1000000;0.0398;111.28;0.0189;88.74;88.06;89.54;87.53;37710000;0.0333
8/12/2022;778;765.5;793;765.5;812670;-0.0013;109.22;0.0235;85.88;85.5;87.25;85.35;29830000;0.0123
7/12/2022;779;780;795;761;1000000;-0.0013;106.71;-0.0157;84.84;85.91;86.42;83.86;45440000;-0.0356
6/12/2022;780;780.5;792.5;773;739880;-0.0064;108.41;-0.0029;87.97;86.99;88.93;86.88;21340000;0.0145
5/12/2022;785;780;799.5;772;690620;0.0241;108.72;0.02;86.71;87.9;88.99;86.68;21900000;-0.001
2/12/2022;766.5;753.5;782.5;751.5;469230;0.0112;106.59;0.0355;86.8;86.76;87.74;84.97;30210000;0.0072
1/12/2022;758;756;767.5;750;442280;0.012;102.94;0.0223;86.18;86.42;86.75;84.73;34320000;0.0055
30/11/2022;749;751;755;740.5;310980;0;100.69;0.0796;85.71;85;86.62;84.76;59930000;0.015
29/11/2022;749;732;758;731.5;389320;0.0324;93.27;0.0028;84.44;82.85;85.68;82.62;42570000;0.0386
28/11/2022;725.5;730.5;735;717.5;310390;0.0247;93.01;-0.0005;81.3;80.6;82.34;79.52;16170000;0.0049
25/11/2022;708;701;727;694.5;285280;0.005;93.06;0.0059;80.9;82;82.88;80.68;20480000;-0.0068
24/11/2022;704.5;700.5;713;698;226020;0.0144;92.51;0.0009;81.45;81.51;82.39;80.61;12420000;0.0064
23/11/2022;694.5;687;707;686.5;261090;-0.0093;92.43;0.0027;80.93;80.93;81.36;79.94;22420000;0.0099
22/11/2022;701;707;713;690;232740;-0.0078;92.18;-0.0063;80.14;79.95;81.46;79.39;27110000;0.0028
21/11/2022;706.5;722;723.5;693.5;308150;-0.0215;92.76;-0.0121;79.92;79.1;80.19;78.28;27750000;-0.0113
18/11/2022;722;720;730.5;715;257690;0.0162;93.9;0.0068;80.83;84.35;84.49;80.7;44190000;-0.0273
17/11/2022;710.5;716;722.5;702;246810;-0.0035;93.27;-0.0017;83.1;80.87;83.29;80.74;31790000;0.008
16/11/2022;713;700;723;698;213310;0.0128;93.43;0.0106;82.44;83.32;84.77;81.54;32940000;-0.0104
3/11/2022;606;602.5;613.5;599;86600;0.0033;83.32;0.0146;67.15;67.64;67.94;66.58;34280000;-0.0292
1/11/2022;591.5;588;605.5;577;127270;0.006;79.79;0.0155;69.17;69.45;70.8;68.95;42370000;0.0304
31/10/2022;588;598.5;602.5;579;114570;-0.0313;78.57;-0.1514;67.13;66;69.4;65.52;38920000;-0.0047
28/10/2022;607;609;617;595;142190;-0.0265;92.59;-0.0032;67.45;68.59;69.05;66.65;52410000;-0.0488
27/10/2022;623.5;628.5;633;611;66700;-0.0158;92.89;-0.0062;70.91;72;72.12;69.43;52360000;-0.0356
26/10/2022;633.5;631;643.5;623.5;59700;0;93.47;-0.0044;73.53;71.28;74.85;71.12;40750000;0.0222
25/10/2022;633.5;639;641.5;626.5;48700;-0.0155;93.88;-0.006;71.93;71.61;73.27;70.92;28070000;0
24/10/2022;643.5;638;655;636.5;52000;0.0039;94.45;0;71.93;73.27;73.95;71.18;31960000;-0.0297
21/10/2022;641;630;649;628;51500;0.0063;94.45;0.0047;74.13;71.8;74.68;71.44;36610000;0.0293
20/10/2022;637;649;649;627.5;72100;-0.0185;94.01;-0.0093;72.02;70.98;73.19;70.32;37180000;0.0128
19/10/2022;649;647;655;643.5;34100;0.0046;94.89;-0.0013;71.11;71.63;72.13;70.58;22590000;-0.0118
18/10/2022;646;649;655;638;54000;-0.01;95.01;0.0043;71.96;72.3;72.83;70.74;27410000;0.0183
17/10/2022;652.5;665;667.5;644;58900;-0.0151;94.6;-0.0122;70.67;70.21;71.24;69.26;25800000;0.012
14/10/2022;662.5;655;670.5;650.5;35300;-0.0075;95.77;0.0092;69.83;72.61;73.36;69.6;33830000;-0.0326
13/10/2022;667.5;675.5;678;657;43900;-0.0089;94.9;-0.0118;72.18;72.25;72.8;71.05;32730000;-0.0178
11/10/2022;689;699.5;702.5;678.5;45200;-0.0122;96.47;-0.0164;73.49;73.2;74.18;72.03;33780000;-0.0068
10/10/2022;697.5;681;702;681;34700;0.0205;98.08;0.0262;73.99;76.41;77.02;73.48;45410000;-0.0201
30/09/2022;683.5;685;690.5;677;39600;0.0022;95.46;-0.0294;72.04;68.49;72.9;68.26;55360000;0.0528
29/09/2022;682;673;691;669.5;46600;0.0074;98.35;0.0014;68.43;67.93;68.78;67.35;34840000;0.0013
28/09/2022;677;679;684.5;669;30900;0.0052;98.21;-0.0041;68.34;67.71;68.84;67.44;24260000;0.0095
27/09/2022;673.5;670;679.5;667;35500;0.0052;98.61;0.0018;67.7;68.58;68.8;67.19;31560000;-0.0044
26/09/2022;670;675;677;661;50500;-0.014;98.43;-0.0049;68;67.7;69.42;67.64;34450000;-0.0083
23/09/2022;679.5;680;686;672.5;36700;0.0172;98.91;-0.0005;68.57;68.71;69.05;67.83;43970000;-0.0207
22/09/2022;668;663;678;654.5;37000;0.0191;98.96;0.0088;70.02;70.17;70.7;69.28;34480000;0.0229
21/09/2022;655.5;655;665;647.5;41600;-0.0202;98.1;-0.0023;68.45;69.45;69.99;68.41;44370000;-0.0144
20/09/2022;669;670.5;678;655.5;53400;-0.0118;98.33;-0.003;69.45;69.8;70.1;68.4;35220000;-0.0143
19/09/2022;677;672;685;666;37000;0.0097;98.63;-0.0043;70.46;67.43;70.56;67.33;33890000;0.0324
16/09/2022;670.5;679;682;663.5;41300;-0.0169;99.06;-0.0151;68.25;67.28;68.85;66.59;64880000;-0.0015
15/09/2022;682;678.5;692;670.5;46500;0.0059;100.58;0.0007;68.35;67.8;68.63;67.18;36830000;0.0201
14/09/2022;678;685;685;671.5;33400;-0.0073;100.51;-0.0159;67;67.75;68.98;66.47;30890000;-0.0183
13/09/2022;683;680;689;675;26200;0.0141;102.13;0.0051;68.25;69.32;71;68.09;29250000;-0.0271
9/09/2022;673.5;667.5;680.5;663;37800;0.0228;102.23;0.0214;69.55;66.55;69.64;66.24;48940000;0.0781
8/09/2022;658.5;648;672.5;643.5;49500;0.0154;100.09;0.0299;64.51;64.17;64.7;63.56;24070000;0.0132
6/09/2022;657.5;660;664.5;651.5;32800;0.0154;97.61;-0.0087;63.67;64.67;65.55;63.59;24400000;-0.0238
5/09/2022;647.5;636.5;662;631.5;47600;0.0197;98.47;0.0328;65.22;64.45;66.48;64.23;24180000;0.0366
2/09/2022;635;643;647.5;623.5;47200;-0.0327;95.34;-0.0109;62.92;64.49;64.82;62.92;49690000;-0.0152
1/09/2022;656.5;658;665.5;644;37300;0.0031;96.39;-0.0472;63.89;63.98;63.98;61.9;40840000;-0.0095
31/08/2022;654.5;677.5;677.5;647.5;42100;-0.015;101.16;-0.0319;64.5;65.42;65.68;64.5;32890000;-0.0072
30/08/2022;664.5;680;682.5;647.5;39300;-0.0278;104.49;-0.006;64.97;65.94;66.58;64.4;34310000;-0.029
29/08/2022;683.5;698.5;701.5;671;37700;-0.0087;105.12;-0.0025;66.91;67.5;67.9;66.85;22010000;-0.0193
26/08/2022;689.5;676;699;675;38100;0.011;105.38;0.004;68.23;69.65;71.2;68.23;28300000;-0.015
25/08/2022;682;686;689.5;673;25200;0.0059;104.96;-0.0018;69.27;68.9;69.43;68.25;24910000;0.0194
24/08/2022;678;679.5;687.5;670;20700;0.0074;105.15;0.0022;67.95;69.78;70.25;67.81;28540000;-0.0322
23/08/2022;673;666;683;659;22500;0.0075;104.92;0.0053;70.21;66.78;70.3;66.65;37020000;0.0641
22/08/2022;668;655;675.5;652.5;31000;0.0114;104.37;0.0015;65.98;66.8;66.91;65.83;19240000;-0.0146
19/08/2022;660.5;662;670.5;650.5;28500;-0.0105;104.21;-0.0049;66.96;67;67.44;66.48;45540000;-0.0112
18/08/2022;667.5;668;679;657.5;30600;-0.0248;104.72;0.0012;67.72;68.3;68.61;67.71;27440000;-0.0075
17/08/2022;684.5;703;703;664;29100;-0.0137;104.59;-0.0191;68.23;68.32;68.8;67.89;29010000;-0.0246
16/08/2022;694;682;705;677;21200;-0.01;106.63;-0.0015;69.95;69.5;70.35;69.11;22260000;0.0242
15/08/2022;701;705;715;682.5;30900;-0.0092;106.79;-0.0279;68.3;68;68.55;67.04;26630000;-0.0215
12/08/2022;707.5;720;721;695.5;24000;-0.0084;109.86;-0.0104;69.8;68.78;69.8;68.3;35410000;0.0128
11/08/2022;713.5;711;721.5;700.5;24700;0.0142;111.01;0.0159;68.92;67.31;70.02;67.07;50900000;0.0348
10/08/2022;703.5;707;714;693.5;28600;-0.0161;109.27;-0.0001;66.6;67.24;67.32;65.71;29980000;0.0008
9/08/2022;715;717;732;701.5;30700;-0.0007;109.28;-0.0151;66.55;65.21;66.7;64.79;34940000;0.0207
8/08/2022;715.5;702;725.5;699.5;27600;0.0332;110.95;0.0169;65.2;65.44;65.73;64.42;35520000;0.0085
5/08/2022;692.5;677;718;670.5;33800;0.0036;109.11;0.0245;64.65;64.54;65.36;64.17;36060000;0.013
4/08/2022;690;702;707;672;25500;-0.0275;106.5;-0.0352;63.82;64.34;64.7;63.53;40250000;-0.0058
3/08/2022;709.5;716;719;700;19500;0.0028;110.38;-0.038;64.19;66.61;66.69;64.19;31640000;-0.0389
2/08/2022;707.5;703;721;697.5;15200;-0.0077;114.74;-0.001;66.79;64.96;67;63.68;32540000;0.0318
1/08/2022;713;704.5;730;701;22100;0.0149;114.86;-0.0054;64.73;65.54;66.41;64.58;38710000;-0.0238
29/07/2022;702.5;700.5;717.5;690;26800;0.0144;115.48;0.0737;66.31;66.24;66.85;64.68;76790000;-0.0134
28/07/2022;692.5;670.5;716.5;667;33500;0.0282;107.55;0.0101;67.21;67.94;68.42;66.85;21600000;0.0024
27/07/2022;673.5;682;687.5;660;22900;0.0097;106.47;0.0011;67.05;66.52;67.14;65.89;21560000;0.0024
26/07/2022;667;656.5;682;648;22400;0.0199;106.35;0.0128;66.89;67.81;67.9;66.15;19730000;-0.0019
25/07/2022;654;630;669.5;630;29900;0.0514;105.01;0.0053;67.02;67.18;67.72;66.59;19730000;0.0185
22/07/2022;622;624;631;611;19800;-0.0056;104.46;0.0106;65.8;66.36;67.26;65.57;27760000;0.0094
21/07/2022;625.5;625.5;633;617;33400;0.0089;103.36;-0.0071;65.19;63.99;65.24;63.36;26880000;0.0175
20/07/2022;620;611;636;599;29200;0.0024;104.1;0.0093;64.07;65.09;65.11;62.92;40250000;-0.0217
19/07/2022;618.5;620.5;632;609;24600;0.0198;103.14;-0.0201;65.49;64.85;65.86;64.64;21680000;0.0023
18/07/2022;606.5;592;620;592;21700;0.0041;105.26;0.0212;65.34;66.92;66.92;65.31;21930000;0.0052
15/07/2022;604;606;614.5;590;32400;-0.0458;103.07;-0.018;65;64.17;65.12;63.37;36280000;0.0062
14/07/2022;633;643;643.5;616.5;17800;0.0024;104.96;-0.0481;64.6;67.03;67.34;64.23;57330000;-0.0666
13/07/2022;631.5;625;647.5;615;16600;-0.011;110.26;0.0191;69.21;69.36;70.01;68.75;22910000;-0.0035
12/07/2022;638.5;654;654;622;15300;-0.0222;108.19;-0.031;69.45;68.45;69.56;67.56;22280000;0.003
11/07/2022;653;667;680;638.5;13200;-0.0369;111.65;-0.0185;69.24;70.5;70.51;68.98;21930000;-0.034
8/07/2022;678;674;691.5;663.5;9800;0.0195;113.76;-0.0037;71.68;73.04;74.02;71.59;24010000;-0.0232
7/07/2022;665;661;683;652.5;10100;0.0231;114.18;0.0165;73.38;73.45;74.37;73.09;34160000;0.0292
6/07/2022;650;665;666.5;631.5;17300;-0.0166;112.33;-0.0096;71.3;70.97;71.73;69.92;23070000;0.0093
5/07/2022;661;651;673;642;9200;0.003;113.42;0.0317;70.64;70.68;70.75;68.99;26420000;-0.0049
4/07/2022;659;678;688.5;647;9700;-0.0408;109.94;-0.0459;70.99;70.35;71.31;69.95;12380000;-0.0057
1/07/2022;687;702.5;702.5;673;9300;-0.0385;115.23;-0.0352;71.4;71.8;72.76;70.16;26640000;-0.0191
30/06/2022;714.5;723.5;728;703.5;7500;-0.0118;119.44;-0.082;72.79;73.2;74.2;72.42;27330000;-0.0283
29/06/2022;723;725;732.5;713.5;7500;0.0212;130.11;-0.0013;74.91;75.69;76.14;74.19;18590000;-0.0082
28/06/2022;708;706;725;694;7200;0.0187;130.28;0.0046;75.53;76.06;76.28;74.9;25970000;0.0179
27/06/2022;695;675.5;709.5;671;7200;0.0206;129.68;0.0089;74.2;72.73;75.08;72.31;28720000;0.046
24/06/2022;681;693;698.5;666;9600;0.0157;128.53;-0.0061;70.94;69.19;71.19;69.02;22330000;0.0278
23/06/2022;670.5;659;690;652.5;13100;0.0167;129.32;0.0181;69.02;72.67;73.5;68.86;31550000;-0.0366
22/06/2022;659.5;676;683;646;10900;-0.0294;127.02;-0.0148;71.64;70.35;72.3;69.76;32150000;-0.0084
21/06/2022;679.5;673;694;660.5;6900;-0.0174;128.93;0.0073;72.25;73.02;73.81;72.03;20870000;0.0065
20/06/2022;691.5;724;730;661;12800;-0.0624;128;-0.0257;71.78;71.87;72.43;70.59;26650000;-0.0247
17/06/2022;737.5;764;764;722.5;7400;-0.0447;131.38;-0.0271;73.6;75.44;75.44;72.36;56480000;-0.0522
15/06/2022;781.5;787;795.5;766;3600;-0.0038;135.47;-0.0202;77.65;78.05;79.64;77.52;33550000;-0.0005
14/06/2022;784.5;793.5;820.5;770;3600;-0.0175;138.26;-0.0091;77.69;78.27;78.72;76.9;22580000;-0.0021
13/06/2022;798.5;815;821;782;4200;-0.0321;139.53;-0.0199;77.85;78.05;78.79;76.15;30890000;-0.0316
10/06/2022;825;829;835;814;1700;-0.0132;142.37;-0.0101;80.39;79.26;80.8;78.32;28460000;0.0002
9/06/2022;836;828.5;844.5;825;3100;0.0048;143.82;-0.0141;80.37;82.71;82.71;80.29;36100000;-0.0339
8/06/2022;832;828;846;820;1800;-0.0018;145.88;0.0005;83.19;85.36;85.88;82.57;26850000;-0.0344
7/06/2022;833.5;828.5;845;825;2900;0.003;145.81;0.0039;86.15;83.89;86.41;83.77;26930000;0.0233
6/06/2022;831;836.5;841;800;1500;0.019;145.24;0.0058;84.19;85.22;85.37;84.19;14790000;0.0011
2/06/2022;815.5;811.5;834;802.5;2500;0.0162;142.2;0.0507;85.47;85.57;85.83;84.61;24980000;0.0188
1/06/2022;802.5;799.5;814;794.5;1400;0.0056;135.34;0.0024;83.89;81.94;84.41;81.76;25990000;0.0235
31/05/2022;798;789;806;785.5;1800;0.0172;135.02;0.0106;81.96;82.92;83.12;80.82;41190000;-0.0051
30/05/2022;784.5;779.5;796;774;1900;0.0182;133.6;0.0014;82.38;82.03;83.1;81.77;15830000;0.0108
27/05/2022;770.5;758;783;754;1800;0.0287;133.41;0.0071;81.5;80.72;81.65;80.53;19750000;0.0175
26/05/2022;749;771;771;735;1700;-0.0151;132.47;-0.0065;80.1;80.01;80.48;79.01;27350000;-0.0006
25/05/2022;760.5;748.5;775.5;746;2100;-0.0149;133.34;0.0018;80.15;79.86;80.62;79.3;24560000;0.0031
24/05/2022;772;782;786.5;745;1700;-0.0115;133.1;-0.0089;79.9;77.79;79.95;77.01;35090000;0.0136
23/05/2022;781;770;796;767;1600;0.031;134.29;-0.0005;78.83;78.24;79.53;78.22;27570000;0.0203
20/05/2022;757.5;755.5;771.5;745.5;0900;0.0327;134.36;0.0254;77.26;77.97;78.4;76.61;38200000;0.0177
19/05/2022;733.5;739;756.5;718.5;1300;-0.1017;131.03;0.0085;75.92;73.95;76.42;73.65;29920000;0.0266
18/05/2022;816.5;835;840;790;559520;-0.0222;129.92;-0.0126;73.95;74.83;75.34;73.61;30530000;-0.0253
17/05/2022;835;840;849;821;514480;0.0164;131.58;-0.0069;75.87;77.82;77.88;74.97;29200000;-0.0042
16/05/2022;821.5;820;836;806;597990;0.0224;132.5;0.012;76.19;74.8;76.67;74.65;23790000;0.0299
13/05/2022;803.5;786.5;825;780;623160;-0.0141;130.93;0.0059;73.98;74.56;75.44;73.97;25920000;-0.0011
12/05/2022;815;819.5;839;792.5;663750;0.0099;130.16;-0.0301;74.06;73.25;74.06;72.13;27670000;-0.01
11/05/2022;807;787;831;783.5;576620;0.0353;134.2;0.0302;74.81;73.56;75.95;73.32;33880000;0.0416
10/05/2022;779.5;798;809;755.5;651300;-0.0406;130.27;-0.013;71.82;72.51;73.15;71.18;31820000;-0.0124
9/05/2022;812.5;829.5;832;796;615990;-0.0508;131.99;-0.0466;72.72;73.71;74.14;72.33;36950000;-0.041
6/05/2022;856;880;884.5;822;538870;-0.0155;138.44;-0.0466;75.83;75.3;76.91;74.39;25140000;-0.0071
5/05/2022;869.5;861;882;855;305190;0.0164;145.2;0.0168;76.37;77.53;79.1;75.18;30840000;-0.0181
29/04/2022;855.5;850.5;875;838.5;476750;0.0252;146.3;-0.0286;79.19;81.93;82.9;79.19;47250000;-0.0107
28/04/2022;834.5;825;854.5;817;559880;0.0146;150.61;0.0006;80.05;80.83;81.33;76.85;55850000;0.0247
27/04/2022;822.5;818.5;834;808;558800;0.0211;150.52;0.0009;78.12;76.5;78.62;76.2;49260000;0.0534
26/04/2022;805.5;794.5;826.5;783;568260;-0.0295;150.39;0.0044;74.16;75.18;75.41;74.01;36810000;-0.0136
25/04/2022;830;877.5;883;792.5;826440;-0.0674;149.73;-0.0232;75.18;74.1;75.69;73.72;38810000;-0.0171
22/04/2022;890;904;912.5;876;544270;-0.0144;153.29;-0.0004;76.49;79.15;79.29;76.13;38660000;-0.0579
20/04/2022;901.5;889;919.5;887;555460;-0.0137;153.57;0.0005;81.19;82.34;82.4;80.24;29560000;-0.026
19/04/2022;914;925;942;885;684810;-0.0033;153.49;-0.0109;83.36;85.27;85.27;82.56;34430000;-0.0319
18/04/2022;917;913;934;898.5;507660;0.0033;155.18;0.0003;86.11;87.1;87.47;85.57;14730000;-0.0164
14/04/2022;890;895;909;867.5;628000;-0.0117;155.14;0.0092;87.55;88.71;89.37;86.86;24670000;-0.0141
13/04/2022;900.5;925;932;880.5;704010;0.0039;153.72;-0.0135;88.8;88.88;89.73;88.24;23640000;0.0003
12/04/2022;897;874;926;870.5;531770;0.0124;155.83;0.0173;88.77;90.41;90.9;88.65;16760000;-0.0067
11/04/2022;886;918.5;922.5;862;604920;-0.0264;153.18;-0.0149;89.37;89.19;90.04;88.34;16480000;-0.012
8/04/2022;910;908;928.5;887.5;638130;-0.0027;155.5;-0.0073;90.46;91.88;92.6;89.96;26820000;-0.0204
7/04/2022;912.5;928;936;891.5;547570;-0.0167;156.64;-0.0214;92.34;90.79;92.88;90.45;19910000;0.006
6/04/2022;928;922;944.5;910;335060;0.0232;160.07;-0.0136;91.79;90.63;91.95;90.63;22550000;0.0152
1/04/2022;907;897;926.5;886;457410;0.0134;159.98;0.0104;92.18;92.01;92.7;91.34;22410000;0.0142
31/03/2022;895;903.5;912.5;871.5;508150;0.0311;158.34;0.0494;90.89;91.67;92.12;90.66;17880000;-0.0029
30/03/2022;868;840;898;833.5;524130;-0.0012;150.88;0.0038;91.15;91.57;92.32;90.58;21950000;0.0144
29/03/2022;869;868;879;856;556150;0.007;150.31;0.0019;89.86;90.64;90.95;88.8;38180000;-0.0086
28/03/2022;863;849.5;882.5;842;604240;0.036;150.03;-0.0009;90.64;90.98;91.59;89;16200000;0.0011
25/03/2022;833;815;851;813;500540;0.0146;150.17;0.0078;90.54;92.89;93.46;89.65;22410000;-0.0173
24/03/2022;821;820;830.5;808.5;351960;0.0211;149.01;0.0006;92.13;91.46;92.79;90.61;23020000;0.0053
23/03/2022;804;790;822;785;325470;-0.0129;148.92;0.003;91.64;92.7;94.06;91.55;26240000;-0.0022
22/03/2022;814.5;821.5;826.5;794.5;297400;-0.0085;148.48;-0.0116;91.84;93.66;94.08;91.45;29410000;-0.0224
21/03/2022;821.5;820.5;837.5;807;301990;0.0055;150.23;-0.0074;93.94;92.53;94.53;92.36;25310000;0.0282
18/03/2022;817;805.5;826.5;802.5;247380;0.0277;151.35;0.018;91.36;90.71;91.36;89.18;45350000;0.0191
17/03/2022;795;800;808;779;298240;0.044;148.67;-0.0026;89.65;88.32;90.3;88;40580000;0.0347
16/03/2022;761.5;731;793.5;730;277410;0.0106;149.06;0.0407;86.64;87.36;89.25;84.91;37630000;0.0242
15/03/2022;753.5;758;771;731;325320;-0.0346;143.23;-0.0352;84.59;84.6;85.17;82.98;46980000;-0.0287
14/03/2022;780.5;790;806;752;275250;-0.0225;148.45;-0.038;87.09;90.3;90.51;86.75;37010000;-0.0536
11/03/2022;798.5;789.5;820;775;277810;0.0337;154.31;-0.0253;92.02;92.63;93.56;91.99;24320000;-0.0053
10/03/2022;772.5;785;801;744;258360;-0.0556;158.31;-0.0035;92.51;89.84;92.51;89.44;33110000;0.0331
9/03/2022;818;813.5;835;792.5;234020;-0.0091;158.87;-0.0131;89.55;91.07;91.08;88;41050000;-0.0263
8/03/2022;825.5;850;851.5;799;259050;0.0024;160.98;-0.0007;91.97;97.95;98.06;91.3;53060000;-0.0439
7/03/2022;823.5;789;857;784.5;210630;0.0417;161.1;0.0536;96.19;95.62;96.95;95.1;55310000;0.0303
4/03/2022;790.5;775.5;811;773.5;204710;0.0327;152.9;-0.0099;93.36;90.34;93.47;89.83;30530000;0.0228
3/03/2022;765.5;730;792.5;730;218820;0.0559;154.43;0.0548;91.28;91.74;92.71;91.09;38620000;0.0005
2/03/2022;725;712;741;712;133290;0.0342;146.4;0.0029;91.23;90.61;91.28;88.86;42190000;0.0799
25/02/2022;668;692;695;638;157650;-0.022;141.56;-0.0044;84.48;79.21;84.6;77.91;51030000;0.054
24/02/2022;683;682;695;672.5;122570;0.0089;142.18;0.0001;80.15;77.47;80.6;76.66;37210000;0.0124
23/02/2022;677;656;693.5;655.5;112680;-0.0029;142.17;-0.0001;79.17;80.65;80.88;78.32;24410000;-0.0105
22/02/2022;679;685;692;657;92400;0.0241;142.18;-0.0053;80.01;79.37;80.02;78.55;23590000;0.0174
21/02/2022;663;670;680;650.5;115620;0.0061;142.94;0.0187;78.64;79.28;80.56;78.28;14560000;0.0008
18/02/2022;659;657;673;647.5;122800;-0.0179;140.31;-0.0057;78.58;79.14;79.68;78.21;22500000;0.0022
17/02/2022;671;701;701;653.5;115540;-0.0183;141.11;-0.0186;78.41;81.34;81.48;78.16;36260000;-0.0431
16/02/2022;683.5;673.5;698;670;75200;-0.0158;143.78;0.0115;81.94;81.88;82.96;81.57;20770000;0.0074
15/02/2022;694.5;736;736;670.5;129670;-0.0672;142.15;-0.0451;81.34;81.5;82.34;80.29;29620000;-0.0297
14/02/2022;744.5;764;764;730;74300;-0.0659;148.86;-0.0059;83.83;83.41;84.38;83.15;22800000;-0.0044
11/02/2022;797;793.5;812;767;61700;0.0357;149.75;-0.0151;84.2;85.47;85.51;83.86;34560000;-0.0202
10/02/2022;769.5;754;790.5;748.5;41900;0.0079;152.05;0.0364;85.94;84.64;86.5;84.26;47890000;0.0269
9/02/2022;763.5;780;783;747.5;60700;-0.0384;146.71;-0.0149;83.69;82.4;84.05;81.78;24820000;0.0002
8/02/2022;794;785;806.5;780;44600;0.0232;148.93;0.0036;83.67;82.81;83.75;81.94;26600000;0.0139
7/02/2022;776;780;791;761;26400;0.0157;148.4;0.0196;82.52;80.7;82.62;80.7;24920000;0.0245
28/01/2022;764;743;791;742.5;44600;0.0317;131.39;0.0068;76.59;78.35;79.06;75.83;28450000;-0.0098
27/01/2022;740.5;745;750;731;27300;0.0075;130.5;0;77.35;77.82;78.24;76.24;20990000;0.0022
26/01/2022;735;738;744.5;723;38600;0.0173;130.5;0.0016;77.18;78.64;79.25;76.74;25810000;0.0029
25/01/2022;722.5;711;738;710.5;40100;-0.0123;130.29;0.0084;76.96;76.96;77.87;76.03;22490000;0.0022
24/01/2022;731.5;723;746;714.5;48700;0.0083;129.21;-0.0088;76.79;76.63;76.87;75.15;29040000;-0.0122
21/01/2022;725.5;717;734;714;36000;0.0168;130.36;0.0079;77.74;79.17;79.4;77.22;32620000;-0.0208
20/01/2022;713.5;712.5;720.5;707.5;32900;0.0113;129.34;0.0098;79.39;81.3;81.45;79.32;22750000;-0.017
19/01/2022;705.5;687;715.5;687;49600;0.0413;128.08;0.0111;80.76;81.01;81.48;80.46;29330000;0.022
18/01/2022;677.5;680;687;668.5;30000;-0.0088;126.68;0.0082;79.02;77.44;79.54;77.34;24080000;0.0245
17/01/2022;683.5;699;699;673;52200;-0.018;125.65;-0.0091;77.13;76.9;77.45;76.9;9690000;-0.0053
14/01/2022;696;698;706;688;42400;-0.0197;126.8;-0.0077;77.54;76.65;77.76;75.91;21180000;0.0058
13/01/2022;710;711;719;698.5;45400;0.0128;127.79;-0.0153;77.09;77.67;78.03;76.63;23150000;-0.0152
12/01/2022;701;695;711;688;36000;0.0249;129.78;0.0169;78.28;79.18;79.27;77.76;27340000;0.0108
11/01/2022;684;668.5;694;668.5;36700;0.0088;127.62;0.0206;77.44;76.43;77.96;76.27;28420000;0.0191
10/01/2022;678;686;686.5;667;65700;-0.0037;125.05;-0.0133;75.99;75.52;77.15;75.35;25060000;-0.0118
7/01/2022;680.5;684.5;689;672.5;34000;0.0067;126.73;-0.002;76.9;73.61;76.9;73.05;35210000;0.0582
6/01/2022;676;660.5;683;660.5;50800;0.0352;126.98;0.0223;72.67;72;73.56;71.69;22040000;0.0201
5/01/2022;653;655;660;647;24400;0.0108;124.21;0.0174;71.24;70.83;72.03;70.61;22040000;0.0095
4/01/2022;646;647;656;631;27800;0.0054;122.09;-0.0049;70.57;71.88;72.39;70.4;18180000;-0.0118
30/12/2021;641.5;631;652;631;39200;0.0191;112.72;0.0028;71.37;71.4;72.31;71.05;26570000;0.0092
29/12/2021;629.5;637;639;621.5;31200;-0.0164;112.4;-0.0028;70.72;69.93;71.39;69.9;12110000;0.0058
28/12/2021;640;645;650;633;35300;-0.0236;112.71;-0.0063;70.31;71.88;71.9;70.1;18920000;-0.0273
27/12/2021;655.5;670;676;645.5;37100;-0.015;113.43;-0.0069;72.28;72.21;72.74;71.65;11370000;-0.0025
23/12/2021;651.5;663;664.5;644.5;43600;-0.0232;113.78;-0.0018;72.46;73.2;73.3;72.14;13120000;-0.0097
22/12/2021;667;670.5;677.5;655;49100;0.0008;113.99;-0.0049;73.17;73.14;73.38;71.94;18660000;-0.0052
21/12/2021;666.5;646;677;646;57100;0.016;114.55;0.0046;73.55;73.06;73.6;72.46;19590000;0.0262
20/12/2021;656;648;665.5;642.5;41700;0.0054;114.03;0.02;71.67;71.41;72.23;70.75;19200000;-0.0112
17/12/2021;652.5;644;664;641.5;42400;0.03;111.79;0.0153;72.48;73.15;73.86;72.39;38490000;-0.0158
16/12/2021;633.5;620;643.5;620;36100;0.0048;110.11;0.0215;73.64;72.33;73.66;71.83;30130000;0.0391
15/12/2021;630.5;627;641.5;619.5;38000;-0.0156;107.79;0.0021;70.87;71.48;71.58;69.76;21990000;-0.0056
14/12/2021;640.5;651;656.5;628;31500;0.0047;107.56;-0.0126;71.27;71.89;72.23;70.71;21060000;-0.0001
13/12/2021;637.5;627.5;656.5;617.5;40700;0.0266;108.93;0.0358;71.28;70.95;72.08;70.85;31700000;0.0292
10/12/2021;621;620;629;611;37300;-0.0096;105.17;-0.0027;69.26;69.12;69.76;68.52;16830000;0.0062
9/12/2021;627;641;641;613;47300;-0.0339;105.45;-0.0213;68.83;68.56;69.53;68.16;16930000;-0.0076
8/12/2021;649;649;661;639;36500;0.0164;107.74;-0.0004;69.36;70.49;70.49;68.65;24280000;-0.0074
7/12/2021;638.5;607;661;607;59700;0.0484;107.78;0.036;69.88;71.67;73.07;69.67;37120000;0.0074
6/12/2021;609;605;621.5;598;39600;0.0184;104.03;0.0329;69.37;66.71;69.57;65.88;28850000;0.0543
3/12/2021;598;600;609.5;585;41900;-0.0276;100.72;-0.0011;65.8;66.92;68.06;65;34450000;-0.022
2/12/2021;615;622;624.5;599.5;38300;-0.004;100.83;-0.0232;67.28;64.97;67.35;64.19;24890000;0.0463
1/12/2021;617.5;601;631;601;32900;0.0165;103.23;0.0096;64.3;65.28;65.87;64.06;28190000;0.0041
30/11/2021;607.5;608;625.5;586.5;42900;0.0253;102.25;0.0744;64.04;63.17;65.43;62.89;42670000;0.0064
29/11/2021;592.5;560;613.5;559;40500;0.0251;95.17;-0.0044;63.63;64.34;64.64;63.32;18160000;0.0126
25/11/2021;598.5;600;609;586.5;35900;0.0222;95.59;-0.0049;64.54;65.27;65.27;63.9;17200000;-0.0068
24/11/2021;585.5;570;601;569;40900;0.0272;96.06;0.0137;64.98;64.19;64.98;63.64;20760000;0.0231
23/11/2021;570;554.5;590;553;43600;0.0595;94.76;0.0127;63.51;64.65;65.89;63.36;30390000;0.0263
22/11/2021;538;530.5;555.5;526.5;32400;0.0267;93.57;0.01;61.88;60.01;63.19;59.65;44640000;0.0556
19/11/2021;524;513.5;539.5;512.5;31800;0;92.64;0.023;58.62;57.93;59.33;57.5;26720000;0.0273
18/11/2021;524;536;537.5;512.5;26000;-0.026;90.56;-0.0133;57.06;58.79;59.19;56.63;51340000;-0.0412
17/11/2021;538;541.5;546;530;44200;-0.0065;91.78;-0.0023;59.51;61.33;61.99;59.51;25490000;-0.0201
16/11/2021;541.5;535;548;532;18400;0.0074;91.99;0.0047;60.73;62.26;62.32;60.6;17210000;-0.0288
12/11/2021;541.5;552;552;530.5;22500;0.0028;92.1;-0.021;62.53;61.51;63.71;61.35;24540000;0.0043
11/11/2021;540;523;563;522;26600;0.0305;94.08;0.0373;62.26;62.68;63.41;61.89;28800000;0.0353
10/11/2021;524;545.5;545.5;511.5;29600;-0.0385;90.7;-0.0247;60.14;59.15;60.68;58.96;22490000;-0.0038
9/11/2021;545;550.5;555;537;14900;-0.0046;93;-0.0073;60.37;61.57;61.61;59.72;20960000;-0.0246
8/11/2021;547.5;544;559;540.5;14700;0.0101;93.68;-0.0004;61.89;58.96;62.39;58.9;27720000;0.0545
5/11/2021;542;557.5;557.5;535;24200;-0.0243;93.72;-0.0257;58.69;60.82;61.03;58.59;35750000;-0.0298
4/11/2021;555.5;569;570;545;23400;-0.0151;96.19;-0.0304;60.49;61.24;61.91;60.08;29810000;-0.0113
3/11/2021;564;547;574;546;29100;0.0053;99.21;0.0321;61.18;64.64;64.91;60.98;76670000;-0.076
1/11/2021;598;600;620;588;21900;-0.0339;102.1;-0.0385;66.21;65.92;66.71;65.14;19570000;0.0099
29/10/2021;619;638;639;601;24800;-0.0198;106.19;-0.1272;65.56;66.85;66.98;65.02;29960000;-0.0283
28/10/2021;631.5;652.5;652.5;601;26000;-0.0262;121.66;-0.0014;67.47;68.16;68.37;67.34;22510000;-0.0101
27/10/2021;648.5;656;664.5;624;15300;0.0039;121.83;-0.0026;68.16;69.56;70.25;68.16;19900000;-0.0227
26/10/2021;646;638;660.5;633;11800;0.0062;122.15;0.0011;69.74;70.5;70.56;69.64;16610000;-0.0108
25/10/2021;642;638;656;627.5;11600;0.0199;122.02;0.0041;70.5;70.68;71.02;69.92;17890000;0.0122
22/10/2021;629.5;610;649;610;14400;-0.0285;121.52;0.0032;69.65;68.36;70.59;68.33;35050000;0.0122
21/10/2021;648;663.5;684;601;19400;-0.0234;121.13;-0.0158;68.81;68.21;68.81;66.79;37430000;-0.0164
20/10/2021;663.5;658;680;656;9200;0.0084;123.08;-0.001;69.96;71.75;71.75;69.84;27180000;-0.0328
19/10/2021;658;657.5;668;649;8000;-0.0023;123.2;-0.0036;72.33;72.99;73.46;72.15;20670000;-0.0115
18/10/2021;659.5;675.5;679.5;641;15900;-0.0186;123.65;0.0009;73.17;73.16;73.61;71.85;20850000;-0.0093
15/10/2021;672;685;685;662.5;13800;-0.0044;123.54;-0.0037;73.86;72.78;74.11;72.6;26680000;0.0186
14/10/2021;675;673;691;659.5;8800;-0.0357;124;0.0116;72.51;73.23;73.46;72.45;23920000;0
13/10/2021;700;715.5;738;671.5;12900;-0.0257;122.58;-0.0331;72.51;73.97;73.97;72.48;31620000;-0.0297
11/10/2021;709.5;696;733;693.5;10600;0.035;131.71;0.0701;74.73;74.98;76.08;73.92;28240000;0.0223
8/10/2021;685.5;672;697.5;666.5;6500;0.0186;123.08;0.0408;73.1;74.58;74.93;72.87;37080000;0.0061
30/09/2021;673;649;694;646.5;8500;0.054;117.67;-0.0142;69.8;70.86;71.72;69.33;38930000;0.0058
29/09/2021;638.5;628.5;653;622;5300;0.0159;119.37;0.0017;69.4;69.37;70.31;68.53;39620000;0.0127
28/09/2021;628.5;645;648;617.5;4400;-0.0187;119.17;-0.0106;68.53;70.93;71.23;68.26;35610000;-0.05
27/09/2021;640.5;628;655;624;5400;0.0273;120.45;0.0177;72.14;71.96;72.63;70.04;38290000;0.0142
24/09/2021;623.5;614.5;638;606;6100;0.018;118.35;0.0021;71.13;71.68;72.13;70.5;26370000;-0.0154
23/09/2021;612.5;613;625;598;6200;0.0364;118.1;0.0049;72.24;72.51;73.55;71.06;47280000;-0.0001
22/09/2021;591;575;613.5;567;5900;0;117.52;0.0406;72.25;73.07;74.21;71.75;61610000;0.0355
17/09/2021;591;614.5;616;578.5;7900;-0.0437;114.55;-0.0336;71.45;73.23;73.64;70.56;74150000;-0.0203
16/09/2021;618;623.5;628;608;4200;-0.0252;118.53;-0.0402;72.93;75;75;72.92;39350000;-0.0415
15/09/2021;634;665;665;618;4700;-0.1114;123.49;-0.026;76.09;77.86;78.33;76.09;34810000;-0.025
14/09/2021;713.5;705;726.5;702;620420;-0.0111;126.79;-0.0061;78.04;78.91;79.27;77.19;25480000;-0.007
13/09/2021;721.5;730;749.5;696;973100;-0.0137;127.57;-0.0318;78.59;78.54;78.79;77.91;18800000;-0.0005
10/09/2021;731.5;730;744;722;655770;-0.0041;131.76;-0.0098;78.63;79.21;79.78;78.63;17930000;0.0011
9/09/2021;734.5;743.5;751;717.5;896370;-0.0213;133.07;-0.012;78.54;78.92;79.39;77.27;28340000;-0.0036
8/09/2021;750.5;763;764;734.5;746400;0.0054;134.69;-0.0293;78.82;80.01;80.23;78.54;22430000;-0.0209
6/09/2021;755;783;796;722;947770;-0.0252;134.19;-0.075;80.5;80.36;80.91;79.75;11850000;-0.0157
3/09/2021;774.5;763;788.5;754;681610;-0.0006;145.07;0.0325;81.78;83.07;83.67;81.7;38580000;0.0006
2/09/2021;775;765;789.5;757.5;807120;-0.0039;140.51;-0.0173;81.73;81.92;82.94;81.2;24320000;-0.003
1/09/2021;778;800.5;807;758.5;815140;-0.0621;142.99;-0.0603;81.98;80.75;82.6;79.39;20750000;0.0017
31/08/2021;829.5;845;848.5;807;665690;-0.0247;152.16;-0.0464;81.84;82.11;82.32;81.03;20350000;-0.0137
30/08/2021;850.5;848.5;874;822;945260;0.0253;159.56;-0.0002;82.98;83.62;84.3;82.9;12970000;-0.0063
27/08/2021;829.5;819;844.5;817;709080;0.0012;159.59;0.0051;83.51;82.12;83.77;82.03;19520000;0.025
26/08/2021;828.5;807;844;801.5;925680;0.0228;158.78;0.0027;81.47;82.51;82.77;81.47;17850000;-0.0127
25/08/2021;810;826;829;791;777170;0.0286;158.36;0.0036;82.52;83.01;83.32;81.73;15030000;-0.0022
24/08/2021;787.5;756;823;754.5;931300;0.0227;157.79;0.0236;82.7;82.42;83.99;82.19;29670000;0.0365
23/08/2021;770;777.5;789;752.5;690850;0.0065;154.15;-0.001;79.79;80.91;81.22;79.75;19670000;-0.0138
20/08/2021;765;748;787;735;777390;-0.0135;154.31;0.0153;80.91;80.94;82.19;80.81;30250000;0.0005
19/08/2021;775.5;799.5;799.5;756;878850;-0.056;151.99;-0.0515;80.87;81.83;83.17;80.7;59840000;-0.0571
18/08/2021;821.5;830;838.5;806;652180;-0.0272;160.25;-0.0272;85.77;87.7;87.7;85.77;34900000;-0.0335
17/08/2021;844.5;848;859;831;498980;-0.0035;164.73;-0.0075;88.74;89.66;90.67;87.63;23290000;-0.0166
16/08/2021;847.5;846;860.5;830;566590;0.0192;165.97;0.0039;90.24;88.94;90.32;87.85;21690000;0.0047
13/08/2021;831.5;836;846;814;601970;-0.0212;165.33;0.0022;89.82;90.98;91.15;89.54;11820000;-0.0083
12/08/2021;849.5;871;871;836;548370;-0.0082;164.96;-0.0214;90.57;90.57;91.21;90.26;14790000;-0.0007
11/08/2021;856.5;850;874.5;840.5;592150;0.019;168.56;0.0168;90.63;91.39;91.65;90.62;14600000;-0.0071
10/08/2021;840.5;845;855.5;823;518290;-0.0278;165.77;-0.0026;91.28;90.36;91.84;90.27;17410000;0.0096
9/08/2021;864.5;900;900;845;515980;-0.0308;166.2;-0.0357;90.41;89.74;90.77;89.31;21420000;-0.0063
6/08/2021;892;890;907;875;368480;-0.1361;172.35;-0.0074;90.98;91.11;91.97;90.82;19210000;0.0056
5/08/2021;1032.5;1060;1072;998.5;283240;-0.0236;173.63;-0.0476;90.47;90.93;91.22;89.49;31890000;-0.0305
4/08/2021;1057.5;1051;1077;1038.5;249550;-0.0038;182.31;-0.0009;93.32;92.89;93.93;92.57;18750000;-0.0011
3/08/2021;1061.5;1055;1078.5;1044.5;245380;0.0187;182.47;0.0067;93.42;91.05;93.74;90.77;36540000;0.0341
2/08/2021;1042;1035;1060;1019;345600;-0.0198;181.26;0.0081;90.34;91.98;92.37;90.34;22840000;0.0016
30/07/2021;1063;1115;1122;1013;438640;-0.0492;179.81;-0.1564;90.2;94.14;94.14;90.2;41580000;-0.0589
29/07/2021;1118;1137.5;1142.5;1094;313310;-0.0128;213.15;-0.0018;95.85;96.51;97.5;95.17;30500000;-0.0148
28/07/2021;1132.5;1108;1148;1106;298620;-0.0022;213.54;0.0022;97.29;95.79;97.53;95.59;25130000;0.0273
27/07/2021;1135;1141;1161;1103.5;342790;-0.0057;213.08;-0.0015;94.7;95.96;96.25;94.46;22010000;-0.0207
26/07/2021;1141.5;1127;1161.5;1125;330450;0.0133;213.4;0.0021;96.7;94.91;96.91;94.91;16360000;0.0217
23/07/2021;1126.5;1137;1140;1115.5;287660;-0.0179;212.96;-0.0044;94.65;94.23;94.95;93.55;13120000;-0.005
22/07/2021;1147;1170;1178;1114.5;478860;-0.0458;213.91;-0.0164;95.13;94.28;95.13;93.46;12050000;0.0026
21/07/2021;1202;1232;1242.5;1174;403760;-0.0156;217.47;-0.0078;94.88;93.52;95.27;93.3;19550000;0.0115
20/07/2021;1221;1212;1241;1202;286620;-0.0069;219.19;-0.0011;93.8;93.02;93.82;91.41;13010000;0.0084
19/07/2021;1229.5;1238;1248;1209;324900;-0.0113;219.43;-0.0011;93.02;92.89;93.02;91.41;18550000;-0.011
16/07/2021;1243.5;1234;1265.5;1224.5;380960;0.0209;219.67;0.0055;94.05;95.66;96.1;93.72;19170000;-0.0181
15/07/2021;1218;1208;1240;1196;359890;0.0029;218.47;0.0071;95.78;95.37;96.34;94.96;18210000;0.0031
14/07/2021;1214.5;1215;1223;1201;294940;0.0037;216.93;-0.003;95.48;96.42;96.56;94.91;19430000;-0.0054
13/07/2021;1210;1188;1231.5;1182;373380;0.0202;217.58;0.0061;96;95.46;96.13;95.25;12580000;0.0059
12/07/2021;1186;1177;1213;1165.5;442030;0.0124;216.26;0.0102;95.44;95.64;96.46;95.38;22270000;0.0124
8/07/2021;1208;1248;1252;1179.5;512330;-0.0127;215.39;-0.0103;94.27;92.91;94.97;92.48;21790000;-0.0038
7/07/2021;1223.5;1230;1247.5;1206;407680;-0.0065;217.64;0.0026;94.63;95.22;95.86;94.55;21410000;0.0029
6/07/2021;1231.5;1228;1241.5;1220;284000;0.0288;217.08;0.0001;94.36;94.13;94.84;93.45;18920000;0.0053
5/07/2021;1197;1178;1226;1171;380280;0.031;217.06;0.0236;93.86;94.47;94.52;93.12;13680000;-0.0036
2/07/2021;1161;1161.5;1190;1143;430620;-0.0107;212.06;-0.0055;94.2;92.89;94.23;92.54;19640000;0.0207
1/07/2021;1173.5;1171;1191;1155;357540;0.0173;213.23;0.0097;92.29;94.06;94.85;91.86;22010000;-0.0175
30/06/2021;1153.5;1150;1171.5;1135;407100;-0.017;211.19;-0.0152;93.93;92.75;94.78;92.62;18850000;0.0066
29/06/2021;1173.5;1199.5;1200.5;1144;399660;-0.0093;214.46;-0.0027;93.31;91.73;93.76;91.73;19540000;0.0172
28/06/2021;1184.5;1190;1209.5;1157.5;412400;0.0111;215.04;0.0027;91.73;93.92;94.3;91.24;18750000;-0.016
25/06/2021;1171.5;1160;1190;1148.5;374810;0.0009;214.46;0.0051;93.22;92.56;94.52;92.39;26050000;0.0123
24/06/2021;1170.5;1179;1194;1141;416020;0.0139;213.38;-0.0026;92.09;92.66;92.82;91.45;23020000;0.0014
23/06/2021;1154.5;1142;1181.5;1130;428910;0.0235;213.93;0.0046;91.96;91.42;92.92;91.22;29340000;0.015
22/06/2021;1128;1121;1149.5;1109.5;470620;-0.0363;212.96;0.0103;90.6;90.03;91.16;89.61;18430000;0.0117
21/06/2021;1170.5;1208;1215;1118.5;568110;-0.0476;210.79;-0.0154;89.55;87.63;90.03;87.14;22610000;0.0094
18/06/2021;1229;1216;1253.5;1202;492950;0.0199;214.08;-0.0009;88.72;87.03;88.72;86.63;59650000;0.0301
17/06/2021;1205;1199;1225.5;1176;431940;-0.005;214.27;0.004;86.13;87.58;88.78;85.32;33550000;-0.0208
16/06/2021;1211;1218;1232;1189;343700;-0.0041;213.42;-0.0088;87.96;90.68;90.79;87.86;38090000;-0.03
15/06/2021;1216;1247;1247;1185;349290;0.0012;215.32;-0.0021;90.68;92.53;92.6;90.48;20500000;-0.0196
11/06/2021;1214.5;1183.5;1248;1183.5;429830;0.0314;214.37;0.0073;92.99;92.19;93.34;91.92;18290000;0.0224
10/06/2021;1177.5;1175;1193.5;1161.5;345010;0.0064;212.81;0.012;90.95;91.27;92.21;90.31;30650000;-0.0033
9/06/2021;1170;1155;1191.5;1150;383950;0.0354;210.29;0.0137;91.25;89.46;92.18;88.81;22460000;0.0207
8/06/2021;1130;1119;1152;1106;407400;-0.0238;207.44;0.0301;89.4;91.48;91.72;89.22;22550000;-0.0168
7/06/2021;1157.5;1179;1197;1115;513620;-0.0103;201.37;-0.0207;90.93;91.25;91.62;90.03;22710000;-0.0097
4/06/2021;1169.5;1185;1199;1148;517700;-0.0176;205.62;-0.0094;91.82;93.12;93.35;91.41;18320000;-0.0166
2/06/2021;1172;1166;1191.5;1155.5;404420;0.0308;204.9;0.0008;93.37;92.9;94.1;92.31;20300000;0.0141
1/06/2021;1137;1120;1170.5;1093.5;502370;0.0431;204.74;0.051;92.07;95.16;95.97;92.07;31140000;-0.0137
31/05/2021;1090;1050;1122.5;1048;498140;0.0376;194.81;-0.0497;93.35;91.5;93.44;91.5;17730000;0.0285
28/05/2021;1050.5;1048;1074.5;1024;435330;0.0289;204.99;-0.0007;90.76;90.37;91.7;88.99;25110000;0.0054
27/05/2021;1021;990;1055;985;468920;-0.0135;205.14;0.0119;90.27;90.11;91.16;89.28;55340000;0.0071
26/05/2021;1035;1058;1068.5;992;508890;-0.0222;202.72;-0.0091;89.63;86.51;89.72;86.24;28130000;0.0295
25/05/2021;1058.5;1058.5;1079;1040.5;389100;0;204.58;-0.0035;87.06;89.69;90.19;86.85;23220000;-0.025
24/05/2021;1058.5;1090.5;1099.5;1016;613320;-0.057;205.3;-0.0122;89.29;87.84;89.58;87.44;19240000;0.0035
21/05/2021;1122.5;1146;1155;1093.5;456260;-0.011;207.83;-0.0111;88.98;90.37;90.48;88.24;27200000;-0.0154
20/05/2021;1135;1140;1164;1102;606240;-0.0631;210.16;-0.0096;90.37;90.85;91.17;89.63;20890000;-0.0101
19/05/2021;1211.5;1240;1249.5;1178.5;458890;-0.017;212.19;-0.0151;91.29;91.17;91.73;89.33;32840000;-0.0206
18/05/2021;1232.5;1209;1256;1202;412600;-0.0203;215.44;0.0189;93.21;93.17;93.86;92.06;27040000;0.0101
17/05/2021;1258;1268;1268;1171.5;0500;0.0174;211.44;0.0137;92.28;90.68;92.57;90.42;26040000;0.0262
14/05/2021;1236.5;1289.5;1306;1233;0900;-0.0974;208.59;-0.0271;89.92;90.44;90.92;89.16;25600000;-0.0172
13/05/2021;1370;1324.5;1387;1238;0300;-0.0025;214.4;-0.0426;91.49;91.09;92.9;90.05;34260000;-0.0161
12/05/2021;1373.5;1373;1380;1360;0700;0.0062;223.94;0.0188;92.99;95.97;96.34;92.68;31630000;-0.037
11/05/2021;1365;1372.5;1400.5;1321.5;0300;-0.0051;219.8;-0.0042;96.56;92.7;96.56;92.16;28590000;0.0352
10/05/2021;1372;1369.5;1394.5;1270.5;0800;0.082;220.72;0.07;93.28;97.43;97.96;93.28;38700000;-0.0066
7/05/2021;1268;1248;1280;1248;0500;0.0263;206.28;0.0429;93.9;94.78;94.79;92.87;21600000;0.0035
6/05/2021;1235.5;1200;1250;1200;1300;0.0004;197.79;0.037;93.57;91.04;93.69;90.67;38110000;0.0392
30/04/2021;1235;1250;1252;1162;13400;-0.012;184.05;0.0238;88.67;90.27;90.73;88.67;36650000;-0.0261
29/04/2021;1250;1241;1264.5;1234.5;7000;-0.0064;179.78;-0.0001;91.05;91.25;91.86;90.19;19640000;0.0002
28/04/2021;1258;1273;1278.5;1243;9200;-0.0087;179.79;-0.0021;91.03;89.92;91.44;88.92;20440000;0.0164
27/04/2021;1269;1268;1276;1262.5;13000;0.0063;180.17;0.0035;89.56;88.55;89.95;88.26;24020000;0.0143
26/04/2021;1261;1226;1285.5;1225;23000;0.0315;179.54;0.0056;88.3;89.42;90.03;87.96;16730000;0.0054
23/04/2021;1222.5;1211;1238;1211;19000;0.0062;178.54;0.003;87.83;87.15;87.92;86.59;12730000;0.0166
22/04/2021;1215;1211;1225;1205;22200;-0.0008;178;-0.0035;86.4;87.22;87.22;84.86;19700000;0.0007
20/04/2021;1209.5;1190;1225;1190;33200;0.019;178.82;0.0153;86.34;87.8;88.12;85.41;20780000;-0.0146
19/04/2021;1187;1170.5;1202.5;1168;32200;0.0098;176.12;0.0115;87.62;88.65;89.37;87.54;23220000;-0.0086
16/04/2021;1175.5;1178;1183;1168.5;32400;0.0077;174.11;0.0006;88.38;88.36;88.74;87.43;17360000;0.0042
15/04/2021;1166.5;1140;1181;1140;50200;0.017;174.01;0.0151;88.01;88.37;89.37;87.47;19330000;0.0114
14/04/2021;1147;1145;1153.5;1142.5;30800;0.0048;171.42;0.0023;87.02;84.56;87.66;84.4;38000000;0.033
13/04/2021;1141.5;1140;1151.5;1136;41200;0.0115;171.02;-0.0003;84.24;84.5;84.82;83.65;17580000;0.0017
12/04/2021;1128.5;1120;1148;1112;70100;0.0036;171.07;0.0062;84.1;83.69;84.28;83.13;14730000;0.0039
9/04/2021;1124.5;1120;1137;1117;63600;0.0085;170.01;-0.0006;83.77;84.58;85.12;83.72;18800000;-0.0144
8/04/2021;1115;1120;1122.5;1109;56000;-0.0009;170.11;0.0054;84.99;85.35;85.64;84.68;25890000;-0.0006
7/04/2021;1116;1111;1123;1105;84100;0.0059;169.2;0.0148;85.04;83.26;85.66;83.08;32720000;0.0246
6/04/2021;1109.5;1115;1126;1098.5;81600;0.0073;166.73;0.0032;83;84.42;85.04;83;22110000;-0.013
1/04/2021;1090.5;1071;1114.5;1061.5;180050;-0.0009;163.58;0.0157;79.21;80.11;80.4;78.18;17070000;-0.0059
31/03/2021;1091.5;1098.5;1109;1070;211230;-0.0032;161.05;-0.0348;79.68;79.03;80.16;78.65;18670000;0.0092
30/03/2021;1095;1103;1118;1073.5;271700;-0.0117;166.86;0.0009;78.95;79.63;80.11;78.55;17900000;-0.0093
29/03/2021;1108;1085;1143;1081.5;324700;0.0317;166.71;0.0036;79.69;78.08;80.07;77.97;25820000;0.0256
26/03/2021;1074;1061.5;1094;1052;252690;0.0066;166.12;0.0018;77.7;76.24;77.86;75.96;26660000;0.0335
25/03/2021;1067;1058;1079;1054.5;264330;0.0269;165.82;-0.002;75.18;75.67;75.87;73.69;23540000;-0.0077
24/03/2021;1039;1040;1055;1016.5;321330;0.0142;166.15;0.0048;75.76;74.82;76.97;74.67;24630000;0.023
23/03/2021;1024.5;1010.5;1040;1007;293970;0.0054;165.36;0.0044;74.06;75.91;76.27;74.06;20290000;-0.0231
22/03/2021;1019;1035;1055;990.5;415920;-0.0454;164.63;-0.0057;75.81;76.06;76.32;74.7;21010000;-0.0166
19/03/2021;1067.5;1083.5;1095;1036.5;416610;-0.0111;165.58;-0.0134;77.09;78.16;78.21;76;38510000;-0.0143
18/03/2021;1079.5;1065.5;1098.5;1060;285320;0.0155;167.83;0.0023;78.21;79.46;79.92;77.7;19050000;-0.0177
17/03/2021;1063;1064;1074.5;1047.5;263400;0.0014;167.44;0.0012;79.62;78.4;79.8;78.13;21370000;0.0144
16/03/2021;1061.5;1046;1083.5;1042.5;385510;0.0306;167.24;0.0057;78.49;78.92;79.57;78.09;19080000;-0.0032
15/03/2021;1030;1059;1059;1005;452320;-0.0396;166.29;-0.0047;78.74;78.48;79.18;77.88;19950000;-0.0061
12/03/2021;1072.5;1080;1098.5;1041;384120;0.0099;167.08;-0.0165;79.22;80.52;80.88;78.66;21120000;-0.0231
11/03/2021;1062;1055;1095;1031;419920;0.0251;169.89;0.0236;81.09;80.51;81.41;79.88;26200000;0.0263
10/03/2021;1036;1042;1053;1022;379080;-0.0565;165.98;-0.0005;79.01;79.3;79.57;77.85;31310000;-0.0155
9/03/2021;1098;1140;1141.5;1031;493700;-0.0415;166.06;-0.0392;80.25;79.3;80.77;77.98;40540000;-0.01
8/03/2021;1145.5;1135;1168;1123;310610;0.0044;172.84;0.0016;81.06;80.68;82.9;80.44;39680000;-0.0054
5/03/2021;1140.5;1166.5;1173;1112.5;441470;-0.0215;172.56;-0.0166;81.5;77.04;81.82;76.39;46500000;0.0593
4/03/2021;1165.5;1148;1185;1143.5;345080;0.0117;175.47;0.0091;76.94;77.36;78.98;75.9;48490000;-0.0149
3/03/2021;1152;1153;1178;1130;383880;0.0168;173.88;0.0052;78.1;79.38;80.94;77.55;41470000;-0.0123
2/03/2021;1133;1133;1155;1117.5;328820;-0.004;172.98;0.0072;79.07;75.88;79.52;73.89;47570000;0.0308
1/03/2021;1137.5;1144;1161;1122;335020;-0.0039;171.75;-0.0092;76.71;74.71;77.3;74.21;32800000;0.0428
26/02/2021;1142;1131;1166.5;1113.5;436540;0.0093;173.34;0.048;73.56;75.14;76.04;73.17;42860000;-0.0125
25/02/2021;1131.5;1130;1161;1105;393130;0.0143;165.4;0.001;74.49;76.81;77.01;73.95;24470000;-0.0226
24/02/2021;1115.5;1106;1133;1090;330340;-0.008;165.24;-0.0004;76.21;75.59;76.43;74.6;21860000;0.0101
23/02/2021;1124.5;1138.5;1146.5;1101;301650;-0.014;165.3;-0.0034;75.45;75.17;75.76;72.62;35750000;0.0167
22/02/2021;1140.5;1118;1180;1110;339860;0.0188;165.87;0.0056;74.21;75.1;76.67;73.19;50160000;-0.0247
19/02/2021;1119.5;1125;1145;1089.5;349570;-0.0009;164.95;0.0012;76.09;75.65;76.93;74.97;24970000;0.0038
18/02/2021;1120.5;1100;1134.5;1100;229930;0.0601;164.75;0.0107;75.8;75.77;76.58;74.73;33090000;0.0109
10/02/2021;1057;1061.5;1072;1041;230380;0.01;161.03;0.0124;73.7;73.67;74.46;73.45;40320000;0.0048
9/02/2021;1046.5;1034;1067;1022.5;262290;0.028;159.06;0.0171;73.35;73.62;74.11;71.85;32300000;0.0026
8/02/2021;1018;1000;1033;996;271230;0.019;156.38;0.0172;73.16;72.35;73.86;71.95;28160000;0.0141
5/02/2021;999;987;1017;984;364840;0.0363;153.74;-0.0129;72.14;70.2;72.2;69.69;27110000;0.0381
4/02/2021;964;950;993;944;353270;0.0239;155.75;0.035;69.49;71.56;72.28;69.33;29940000;-0.0126
3/02/2021;941.5;937.5;954;930.5;290730;-0.0157;150.48;0.0163;70.38;69.15;71.15;68.95;34350000;0.0317
2/02/2021;956.5;978.5;986;925;404850;-0.0329;148.07;-0.0425;68.22;70.18;70.49;68.1;34430000;-0.0396
1/02/2021;989;995;1008;973.5;338840;0.0041;154.64;-0.0061;71.03;70.05;71.03;68.94;27140000;0.0377
29/01/2021;985;984;995;970;348660;-0.0252;155.59;-0.076;68.45;70.03;70.7;68.32;31480000;-0.0346
28/01/2021;1010.5;1035;1039.5;978.5;489260;-0.0237;168.39;-0.0044;70.9;68.64;71.09;68.56;35900000;0.0213
27/01/2021;1035;1028;1048.5;1015.5;308220;-0.0086;169.13;0.0029;69.42;70.35;70.96;68.64;32420000;-0.0277
26/01/2021;1044;1050;1063;1025;306670;0.0029;168.64;-0.0042;71.4;72.37;73.28;71.1;24920000;-0.0153
22/01/2021;1054.5;1067;1073;1038;299500;0.0029;169.34;-0.0029;72.51;71.59;73.01;70.81;25810000;-0.0021
21/01/2021;1051.5;1059;1069.5;1035;376390;0;169.83;0.0022;72.66;71.83;74.79;71.71;25980000;0.0113
20/01/2021;1051.5;1052;1067;1035.5;311420;-0.0047;169.46;-0.002;71.85;73.93;74.04;70.69;20480000;-0.0184
19/01/2021;1056.5;1074;1077;1040;350030;-0.0042;169.8;-0.0085;73.2;73.54;73.6;71.52;27160000;-0.0027
18/01/2021;1061;1053;1084.5;1034;364460;0.0028;171.26;0.0065;73.4;73.08;74.43;72.81;22670000;0.0081
15/01/2021;1058;1060.5;1069;1047.5;355140;0.0193;170.15;0.0002;72.81;75.16;75.65;72.53;31710000;-0.0434
14/01/2021;1038;1030;1059.5;1017;396080;0;170.11;0.0082;76.11;75.66;76.94;75.26;20810000;0.0164
13/01/2021;1038;1050;1054;1022;409560;0.0044;168.73;-0.0039;74.88;76.95;76.98;74.51;31660000;-0.0299
12/01/2021;1033.5;1050;1060;1005;451150;-0.0134;169.39;0.0015;77.19;79.77;79.86;77.19;28600000;-0.0275
11/01/2021;1047.5;1067;1072.5;1022;442890;-0.0155;169.14;-0.0042;79.37;78.02;79.37;77.59;29270000;-0.0001
8/01/2021;1064;1065;1079;1042.5;349760;0.0201;169.86;0.0004;79.38;80.17;80.43;76.42;58560000;-0.0031
7/01/2021;1043;1038;1066;1021.5;332660;0.0116;169.79;0.0159;79.63;75.19;79.79;75.19;74540000;0.0702
6/01/2021;1031;1043;1048.5;1016;311990;0.0005;167.14;0.0066;74.41;73.92;74.98;73.47;53720000;0.028
5/01/2021;1030.5;1022;1043.5;1013.5;330530;0.0315;166.04;0.0146;72.38;71.18;72.38;70.45;34300000;0.0169
4/01/2021;999;990;1023;972;275820;0.0127;163.65;0.0331;71.18;69.54;71.19;69.15;37870000;0.0458
30/12/2020;976;1000;1005.5;959;569240;-0.0427;156.07;-0.0001;68.06;67.86;68.17;67.44;30100000;0.0044
29/12/2020;1019.5;1027;1049.5;994.5;442240;-0.0159;156.08;-0.0041;67.76;68.46;68.64;67.33;19730000;-0.0028
28/12/2020;1036;1059.5;1066.5;1015.5;379840;0.0029;156.73;-0.0001;67.95;68.32;68.94;67.77;26000000;-0.0006
23/12/2020;1026.5;1061.5;1069.5;990.5;632680;-0.0578;156.31;-0.0026;67.99;67.34;68.12;67.24;17710000;0.0049
22/12/2020;1089.5;1128;1137.5;1041;692070;-0.0167;156.71;-0.0215;67.66;67.6;67.7;66.49;23160000;0.0009
21/12/2020;1108;1069;1147;1056;797970;0.0618;160.15;0.029;67.6;67.05;68.02;65.98;31880000;-0.0107
18/12/2020;1043.5;1027;1076.5;1022;605630;0.0327;155.64;0.0125;68.33;68.19;68.78;68.04;23840000;0.0069
17/12/2020;1010.5;1005;1026.5;997;463370;0.01;153.72;0.0054;67.86;67.32;68.45;67.06;21370000;0.0113
16/12/2020;1000.5;996;1017;985.5;608590;0.022;152.89;0.0036;67.1;66.07;67.11;65.65;23040000;0.0204
15/12/2020;979;961;1001.5;958;576930;-0.0005;152.34;0.0069;65.76;65.5;66.45;65.38;18760000;0.0114
14/12/2020;979.5;990;1005;956;730190;-0.0185;151.3;-0.025;65.02;66.31;66.32;64.56;20930000;-0.0154
11/12/2020;998;973.5;1042;963;1600000;0.0527;155.18;0.0125;66.04;65.86;66.37;65.68;25140000;-0.0017
10/12/2020;948;920.5;975.5;920;975480;0.0423;153.27;0.0367;66.15;65.1;66.32;64.75;41230000;0.0278
9/12/2020;909.5;909;928;895.5;822500;-0.0098;147.84;0.0096;64.36;64.67;65.24;63.99;26940000;-0.0025
8/12/2020;918.5;918;935.5;904;921350;0.0149;146.43;0.0058;64.52;64.57;64.83;63.55;28600000;-0.0006
7/12/2020;905;901;923.5;886.5;909110;0.0325;145.59;0.0237;64.56;64.14;64.59;63.56;27400000;0.0119
4/12/2020;876.5;869.5;899.5;854.5;570290;0.0139;142.22;0.0486;63.8;62.34;64.35;62.34;48660000;0.0382
3/12/2020;864.5;865;872.5;853;398770;0.0141;135.63;0.0096;61.45;63.04;63.08;61.18;35160000;-0.0111
2/12/2020;852.5;844;860;843.5;279470;0.0155;134.34;0.0286;62.14;62.96;63.23;60.17;53700000;-0.0172
1/12/2020;839.5;844;847.5;832.5;220190;-0.0006;130.6;0.0096;63.23;62.13;63.43;61.68;61440000;0.0417
30/11/2020;840;835;850;828.5;236070;0.0096;129.36;0.0399;60.7;61.37;61.76;60.02;48590000;-0.0057
27/11/2020;832;825.5;839.5;822.5;217370;0.019;124.4;0.0006;61.05;59.93;61.31;59.75;48970000;0.0245
26/11/2020;816.5;807;825;806;182730;0.02;124.33;0.0014;59.59;58.7;59.61;58.68;20360000;0.0141
25/11/2020;800.5;790;809;790;171900;0.0076;124.15;0.0019;58.76;57.43;59.07;57.29;36270000;0.0094
24/11/2020;794.5;790;799;788;95300;0.0006;123.92;0.0028;58.21;55.29;58.28;54.62;49910000;0.0492
23/11/2020;794;801;807;784;132970;-0.0019;123.57;-0.0048;55.48;53.55;55.5;53.31;38660000;0.0417
20/11/2020;795.5;790;801.5;790;97200;0.0019;124.17;0.0008;53.26;52.87;53.26;52.49;23060000;0.0106
19/11/2020;794;785;800;784;129910;0.0173;124.07;0.0058;52.7;51.92;52.7;51.73;25910000;0.0191
18/11/2020;780.5;780;785.5;775.5;67100;0.009;123.35;0.0046;51.71;52.14;52.45;51.42;22850000;-0.0079
17/11/2020;773.5;771;783.5;765.5;73900;0.0151;122.78;0.0112;52.12;50.43;53;50.43;62480000;0.0317
16/11/2020;762;759.5;772.5;750;82500;0.0066;121.42;0.0044;50.52;49.42;50.85;49.01;91480000;0.0264
13/11/2020;757;760;766;749;63000;-0.0098;120.89;-0.0047;49.22;48.82;49.46;48.73;25080000;0.0092
12/11/2020;764.5;764.5;773;757.5;79000;0.0079;121.46;-0.0094;48.77;49.47;49.63;48.61;23730000;-0.0147
11/11/2020;758.5;750;767;750;55900;0.0026;122.61;0.0147;49.5;49.17;49.75;49.03;25910000;0.0071
10/11/2020;756.5;750.5;766.5;747;120710;0.0154;120.83;0.0047;49.15;49.22;49.49;48.79;53960000;-0.0006
9/11/2020;745;730;758;727.5;128390;0.0248;120.26;0.0233;49.18;49.92;50.02;48.93;37730000;0
6/11/2020;727;721;732;720.5;53000;0.0069;117.52;0.0071;49.18;48.55;49.78;48.52;26450000;0.0103
5/11/2020;722;728;731;713;83300;-0.0096;116.69;0.0003;48.68;48.49;49.08;47.82;25560000;0.0159
4/11/2020;729;729;737;722;67100;-0.0034;116.65;0.0028;47.92;49.25;49.25;47.82;27930000;-0.0278
3/11/2020;731.5;742.5;745.5;726;56600;-0.0101;116.32;-0.0115;49.29;48.17;49.29;47.64;32900000;0.0461
30/10/2020;728;719.5;742.5;710.5;79100;0.009;116.2;-0.0313;47.12;48.1;48.57;46.7;27370000;-0.0238
29/10/2020;721.5;725;728;716;59900;0.0056;119.95;-0.0012;48.27;47.45;48.44;46.53;37770000;0.0292
28/10/2020;717.5;711.5;730;706.5;67200;0.0099;120.1;0.0003;46.9;48.21;48.31;46.89;23460000;-0.0362
27/10/2020;710.5;705;714.5;702.5;39900;-0.0035;120.06;0.0021;48.66;48.64;48.95;48.3;17960000;0.0004
26/10/2020;713;716.5;722;703;70200;-0.0253;119.81;-0.0024;48.64;48.95;49.38;48.26;18160000;-0.015
23/10/2020;731.5;740;741.5;718;57200;-0.0122;120.1;-0.0083;49.38;48.73;49.72;48.42;24120000;0.0055
22/10/2020;740.5;741;748;732;63600;0.0054;121.11;0.0007;49.11;49.12;49.41;48.59;31960000;0.0041
21/10/2020;736.5;734.5;743;730.5;46100;0.0034;121.03;0.0018;48.91;47.98;49.19;47.94;21390000;0.0162
20/10/2020;734;732;739.5;729;50200;0.0034;120.81;0.0007;48.13;48.08;48.48;47.73;25170000;-0.0017
19/10/2020;731.5;733;746;718;78500;0.0076;120.73;0.003;48.21;48.82;49.17;48.21;29030000;-0.0047
16/10/2020;726;724;734;717;54700;-0.0068;120.37;0.0058;48.44;48.8;49.11;48.44;15780000;-0.0037
15/10/2020;731;737.5;743.5;725;49400;-0.0168;119.67;-0.0047;48.62;48.57;48.92;48.24;16250000;-0.0084
14/10/2020;743.5;745;752.5;733;48600;-0.0146;120.23;-0.0082;49.03;48.31;49.26;48.28;21970000;0.0139
13/10/2020;754.5;759.5;762;746;48600;-0.0072;121.22;-0.0154;48.36;47.68;48.75;47.5;18440000;0.0088
9/10/2020;760;750;770;747;37900;0.0368;124.76;0.0216;47.94;48.01;48.2;47.36;21000000;0.005
30/09/2020;733;725;750;719;68300;0.0259;121.24;-0.0202;46;46.08;46.91;45.72;25790000;0.013
29/09/2020;714.5;713;723.5;707.5;31400;0.0028;123.74;0.0011;45.41;45.71;46.66;45.41;26070000;-0.0074
28/09/2020;712.5;708;722;705.5;40400;0.0099;123.6;0.0015;45.75;46.65;46.88;45.68;30050000;-0.0078
25/09/2020;705.5;707.5;711.5;698.5;38100;-0.0042;123.42;0.0011;46.11;45.41;46.27;45.29;27500000;0.0101
24/09/2020;708.5;708;715.5;701.5;41100;0.0021;123.29;0.0027;45.65;46.45;46.52;45.48;31450000;-0.0074
23/09/2020;707;714.5;721;698.5;60000;-0.0098;122.96;-0.0084;45.99;44.88;46.39;44.41;37210000;0.0222
22/09/2020;714;716.5;725;700;57600;-0.0159;124;-0.0038;44.99;45.25;45.36;44.48;23790000;0.0038
21/09/2020;725.5;740;744;714;56500;-0.0129;124.47;-0.0154;44.82;45.61;45.86;44.4;52850000;-0.0269
18/09/2020;735;729;743;727.5;43700;0.0062;126.42;0.0101;46.06;46.67;47.14;46.06;32810000;-0.0069
17/09/2020;730.5;734;736.5;724;54000;-0.0234;125.15;-0.0053;46.38;45.12;46.63;44.9;31300000;0.0182
16/09/2020;748;762;765;730;64300;-0.0292;125.82;-0.017;45.55;46.55;46.69;45.31;28530000;-0.0259
15/09/2020;770.5;778;782;761;35200;-0.0026;127.99;-0.009;46.76;46.85;47.55;46.43;32510000;0.011
14/09/2020;772.5;769;778;764;27500;0.0144;129.15;0.0125;46.25;46.91;47.32;45.85;35530000;-0.0006
11/09/2020;761.5;758;769.5;755;27600;-0.0013;127.55;0.0129;46.28;44.86;46.54;44.7;45830000;0.0586
10/09/2020;762.5;761;773;752;33400;-0.0091;125.92;-0.0002;43.72;44.82;44.97;43.57;19100000;-0.0245
9/09/2020;769.5;768;780;757;45200;-0.0109;125.95;-0.0143;44.82;44.75;45.07;44.35;16390000;0.0122
8/09/2020;778;779.5;786;768;24600;-0.0095;127.78;-0.0007;44.28;44.52;44.64;44.01;14570000;-0.0201
4/09/2020;781;787;792.5;770;32900;-0.0182;127.41;-0.0079;45.19;44.6;45.19;43.85;26390000;0.0199
3/09/2020;795.5;791;804;785.5;27100;0.014;128.43;0.0194;44.31;44.82;45.23;43.96;35950000;-0.0327
2/09/2020;784.5;782.5;793;779.5;33500;0.0051;125.99;0.0197;45.81;46.24;46.57;45.06;21650000;-0.0072
1/09/2020;780.5;780;786.5;775.5;17200;0.0006;123.56;0.0131;46.14;45.04;46.16;44.97;24070000;0.035
31/08/2020;780;768;793;765;32600;0.0263;121.96;-0.0042;44.58;45.64;45.68;44.58;30800000;-0.0232
28/08/2020;760;755;771;747;33700;0.0007;122.48;0.0004;45.64;45.7;46.09;45.29;14980000;0.0051
27/08/2020;759.5;768;771.5;750.5;26300;0.004;122.43;-0.0009;45.41;46.08;46.45;45.07;18010000;-0.0156
26/08/2020;756.5;753;767;746.5;31900;-0.0033;122.54;0.002;46.13;46.06;46.58;45.75;23820000;0.0022
25/08/2020;759;770;771;745.5;38500;-0.0225;122.3;-0.0043;46.03;46.91;46.94;45.61;23330000;-0.0213
24/08/2020;776.5;783;788;769;26900;-0.0177;122.83;-0.0049;47.03;47.02;47.16;46.49;17800000;0.0123
21/08/2020;790.5;792;801.5;781;31200;-0.005;123.43;-0.0048;46.46;46.62;46.91;45.95;27170000;-0.0121
20/08/2020;794.5;803;803;784.5;27400;-0.0094;124.03;0.0005;47.03;46.18;47.44;46.07;25690000;0.009
19/08/2020;802;803;812.5;792.5;31600;0.0139;123.97;0.006;46.61;47.37;47.72;46.56;23410000;-0.0106
18/08/2020;791;776.5;803;776.5;26500;0.022;123.23;0.0197;47.11;47.29;47.59;46.95;32040000;0.0133
17/08/2020;774;770;782;761;31100;0.0058;120.85;0.0052;46.49;46.15;46.76;45.68;42710000;0.0144
14/08/2020;769.5;769;777;760;24000;0.0059;120.23;0.0007;45.83;45.08;45.89;45.05;17810000;0.0166
13/08/2020;765;771;780;751.5;24800;0.0053;120.14;-0.0037;45.08;45.87;46.43;44.9;24760000;-0.0187
12/08/2020;761;776;776.5;750;36500;-0.0262;120.59;0.01;45.94;45.48;46.53;45.25;29420000;0.0202
11/08/2020;781.5;759;794;759;36500;0.0413;119.4;0.012;45.03;46.91;46.93;44.94;23650000;-0.0308
10/08/2020;750.5;749;761;742;22000;0.0013;117.98;0.0008;46.46;45.34;46.46;45.13;29170000;0.0288
7/08/2020;749.5;758;759.5;731.5;29000;0.0007;117.89;-0.0086;45.16;45.86;45.86;44.66;28320000;-0.0223
6/08/2020;749;733.5;758.5;732.5;25000;0.0288;118.91;0.0251;46.19;46.78;46.97;45.78;22400000;-0.0058
5/08/2020;728;729;738.5;715.5;17200;0;116;0.0055;46.46;46.24;46.99;46.2;36900000;0.0247
4/08/2020;728;717;736.5;717;22900;0.0196;115.36;0.0138;45.34;45.02;45.45;44.34;182430000;0.0071
3/08/2020;714;705;723.5;699;22900;0.0259;113.79;0.0442;45.02;46.21;46.82;45.02;35690000;-0.0073
31/07/2020;696;698;706.5;681.5;17100;-0.0014;108.97;0.0085;45.35;45.64;46.47;45.19;26230000;-0.0092
30/07/2020;697;697;705;691;14400;0.0138;108.05;0.002;45.77;46.54;46.59;45.31;31830000;-0.0268
29/07/2020;687.5;680;696.5;679.5;12600;0.0081;107.83;0.0015;47.03;45.73;47.03;45.46;29280000;0.0433
28/07/2020;682;679;690;676.5;15800;-0.0029;107.67;0.0025;45.08;45.34;45.69;44.97;21470000;-0.0166
27/07/2020;684;692;697.5;674.5;15700;-0.0194;107.4;-0.0035;45.84;44.15;46.04;44.06;35060000;0.0471
24/07/2020;697.5;707.5;709.5;681;19700;-0.0134;107.78;-0.0051;43.78;43.75;43.96;43.19;22430000;-0.0041
23/07/2020;707;703.5;715;699;11500;-0.0014;108.33;0.0007;43.96;44.75;44.94;43.81;17130000;-0.0066
22/07/2020;708;702.5;718;696;20000;0.0158;108.25;-0.0018;44.25;44.77;45.01;43.92;19550000;-0.0078
21/07/2020;697;685;704.5;682;13500;0.016;108.45;0.0073;44.6;45.15;45.18;44.28;28920000;-0.0181
20/07/2020;686;694.5;694.5;682;12000;0.0044;107.66;-0.0031;45.42;45.66;45.93;45.08;16380000;-0.0039
17/07/2020;683;678.5;692;673.5;14900;-0.0058;107.99;-0.0016;45.6;45.19;45.76;45.06;18820000;0.0154
16/07/2020;687;690;695.5;680;17500;0.0022;108.16;-0.0087;44.91;45.79;46.08;44.71;22590000;-0.0271
15/07/2020;685.5;690;694.5;679;14900;-0.0058;109.11;-0.001;46.16;46.54;47.01;45.11;29780000;0.0015
14/07/2020;689.5;690;697;681;13400;0.0132;109.22;0.0061;46.09;43.27;46.29;43.25;51950000;0.0701
13/07/2020;680.5;665;697;665;24400;0.0241;108.56;0.0331;43.07;43.13;44.24;43.07;28530000;0.012
10/07/2020;664.5;662;668.5;660;9000;0.0015;105.08;-0.0017;42.56;42.22;42.8;41.95;14670000;0.0097
9/07/2020;663.5;661;669;658.5;15800;0.0084;105.26;0.0039;42.15;42.97;43.09;41.88;19620000;-0.0156
8/07/2020;658;649;663.5;648;15500;0.0154;104.85;0.0257;42.82;42.51;43.12;41.68;32550000;0.0169
7/07/2020;648;638;654.5;637;10100;0.0221;102.22;0.0149;42.11;42.39;42.57;41.91;13460000;-0.0035
6/07/2020;634;632.5;644;630;13100;0.004;100.72;0.0099;42.26;41.9;42.39;41.53;23550000;0.0237
3/07/2020;631.5;630.5;635;629;9100;0.0016;99.73;0.009;41.28;41.24;41.61;41.03;7760000;-0.0041
2/07/2020;630.5;629.5;635;626.5;11100;0.0056;98.84;0.0055;41.45;40.97;41.64;40.9;23990000;0.0174
1/07/2020;627;625;632;621;8900;0.0032;98.3;-0.0012;40.74;41.89;41.89;40.38;28820000;-0.0247
30/06/2020;625;617.5;631;616.5;9100;-0.0024;98.42;-0.0455;41.77;41.41;42.24;41.09;27400000;0.0051
29/06/2020;626.5;639;640;615;15300;-0.0196;103.11;0.0007;41.56;41.41;41.77;40.97;15200000;0.0002
24/06/2020;639;635;643.5;633;8700;0.0103;103.13;0.0065;41.38;42.02;42.03;40.95;18070000;-0.0036
23/06/2020;632.5;631.5;636.5;626.5;8100;-0.0039;102.46;0.0001;41.53;41.48;42.25;41.36;18160000;0.0107
22/06/2020;635;643.5;645;626.5;11300;-0.0124;102.45;-0.0063;41.09;41.09;41.35;40.66;14790000;-0.0029
19/06/2020;643;640;647.5;640;8400;0.0023;103.1;0.0011;41.21;42.08;42.28;40.87;37860000;-0.0179
18/06/2020;641.5;639;648.5;635;11100;-0.0023;102.99;-0.0034;41.96;42.06;42.24;41.54;25690000;-0.0005
17/06/2020;643;649;653.5;636.5;11600;0.0016;103.34;-0.0063;41.98;41.45;42.16;41.2;27570000;0.0145
16/06/2020;642;632.5;650.5;629.5;11300;0.0086;104;0.0071;41.38;41.45;41.46;40.5;29170000;0.0281
15/06/2020;636.5;639;645;626;17600;0.0119;103.27;-0.0094;40.25;39.22;40.66;38.94;27320000;0.009
12/06/2020;629;633;639;617;13500;-0.0087;104.25;0.014;39.89;40.12;40.38;38.83;31180000;-0.0148
10/06/2020;636;640;644;627;12400;-0.0063;103.19;-0.0018;40.49;41.02;41.24;40.16;24190000;-0.0144
9/06/2020;640;650;652;597;13100;-0.0131;103.38;-0.0064;41.08;40.46;41.08;40.43;19610000;0.0039
8/06/2020;648.5;628.5;662.5;628.5;21300;0.0384;104.05;0.0383;40.92;41.07;41.57;40.32;27190000;0.0032
5/06/2020;624.5;618;630;618;8700;-0.0126;100.21;0.0167;40.79;42.12;42.36;40.59;39640000;-0.019
4/06/2020;632.5;632.5;643.5;617.5;17200;-0.0008;98.56;-0.0229;41.58;40.13;41.61;39.98;37380000;0.0372
3/06/2020;633;635;638;628;9900;0.0032;100.87;0.0032;40.09;40.26;40.59;39.88;31230000;0.0045
2/06/2020;631;625.5;641;620.5;13700;0.0008;100.55;0.0086;39.91;40.19;40.19;39.59;25420000;0
1/06/2020;630.5;626;643.5;621.5;17600;0.0294;99.69;-0.0004;39.91;39.46;40.23;39.22;27010000;0.0081
29/05/2020;612.5;599;631.5;599;12700;0.0285;99.73;0.0812;39.59;38.4;39.59;38.14;92240000;0.058
28/05/2020;595.5;593;599;590;6800;0.0119;92.24;0.0012;37.42;38.1;38.58;37.39;23340000;-0.0108
27/05/2020;588.5;590;596.5;583;13200;-0.0134;92.13;-0.0004;37.83;37.23;37.97;36.44;31740000;0.0294
26/05/2020;596.5;605;606.5;589.5;11000;-0.0116;92.17;-0.0053;36.75;37.64;37.74;36.48;28760000;-0.0182
25/05/2020;603.5;606;610;595;9800;-0.0179;92.66;0;37.43;38.4;38.61;37.29;21010000;-0.0032
22/05/2020;614.5;621;625;602;11400;0.009;92.66;0.0052;37.55;37.93;38.17;37.28;23410000;-0.017
21/05/2020;609;605;621;599.5;7200;0.0083;92.18;-0.0034;38.2;39.06;39.34;37.63;41720000;-0.026
20/05/2020;604;606.5;612;598;7900;-0.1347;92.49;0;39.22;39.87;40.09;39.22;26910000;0.0013
19/05/2020;698;693.5;711;691;990480;0.0175;92.49;0.0064;39.17;38.32;39.38;38.17;27610000;0.023
18/05/2020;686;666;705;663.5;1200000;0.0457;91.9;0.0137;38.29;37.61;38.55;37.31;41830000;0.0669
15/05/2020;656;646;668;643.5;1000000;0.0147;90.66;0.0161;35.89;36.37;36.83;35.89;34990000;-0.0008
14/05/2020;646.5;647;650;643;708080;0.0094;89.22;0.001;35.92;35.82;36.2;35.07;35390000;-0.0094
13/05/2020;640.5;641;647;634.5;1000000;0.0134;89.13;0.008;36.26;35.98;36.74;35.6;34010000;0.0228
12/05/2020;632;631.5;638;627.5;687480;0;88.42;0.0154;35.45;36.18;36.31;35.45;21620000;-0.0059
11/05/2020;632;636;637.5;626.5;829780;0;87.08;-0.0011;35.66;36.01;36.79;35.66;24620000;-0.0227
8/05/2020;632;625;636.5;624;1000000;0.0243;87.18;0.0289;36.49;35.48;36.57;35.09;33800000;0.0608
7/05/2020;617;612;623;609;761800;0.0098;84.73;0.0186;34.4;34.09;35.1;33.95;42050000;0.0386
6/05/2020;611;615;618;607.5;573440;0.0066;83.18;0.003;33.12;33.01;33.44;32.58;26490000;0.0147
30/04/2020;607;599;613;599;726400;0.0202;82.42;-0.0159;33.51;34.15;34.49;33.44;25390000;-0.0401
29/04/2020;595;594;599;591.5;630160;-0.0067;83.75;0.0023;34.91;33.88;35.39;33.5;32980000;0.0477
28/04/2020;599;602;606.5;592;1000000;-0.0099;83.56;-0.0019;33.32;33.77;33.83;32.48;25470000;0.0012
27/04/2020;605;607;611.5;600.5;721910;-0.0033;83.72;0.0005;33.28;33.21;33.65;32.76;25420000;0.018
24/04/2020;607;605;613;602.5;891670;-0.0041;83.68;-0.0006;32.69;32.4;33.02;31.25;54900000;0.0058
23/04/2020;609.5;615.5;617.5;601.5;873940;0.0099;83.73;-0.007;32.5;32.34;33.38;31.98;26980000;0.014
22/04/2020;603.5;597;614;594;958410;-0.0041;84.32;0.007;32.05;31.82;32.3;31.41;22530000;0.0104
20/04/2020;619.5;617;624;612;796090;0.0098;84.89;0.0043;31.72;32.32;32.32;31.55;28900000;-0.035
17/04/2020;613.5;609;621.5;606.5;1000000;0.0157;84.53;0.0021;32.87;32.79;33.04;32.29;23530000;0.0291
16/04/2020;604;603;610.5;597;1000000;-0.0066;84.35;-0.0022;31.94;32.72;32.86;31.4;24260000;-0.0099
15/04/2020;608;605.5;614;603;862540;0.005;84.54;-0.0041;32.26;32.5;32.79;31.83;28690000;-0.0301
14/04/2020;605;598;609.5;596;863930;0.0092;84.89;0.0082;33.26;34.08;34.36;33.24;24640000;-0.0009
13/04/2020;599.5;600;607;593;769670;0.005;84.2;0.0069;33.29;32.27;33.29;32.11;21950000;0.0297
9/04/2020;592.5;585;600.5;582.5;1000000;0.0242;83.62;0.0076;32.33;32.83;33.22;32;29800000;-0.0052
8/04/2020;578.5;568.5;588;564.5;1100000;0.0203;82.99;0.0162;32.5;32.5;33.06;32.16;29330000;-0.0061
7/04/2020;567;565.5;573;557;900230;-0.0035;81.67;-0.0095;32.7;33.76;33.99;32.54;34060000;0.0149
3/04/2020;569;578;582.5;561.5;953160;0.0161;82.2;0.004;30.25;31.97;32.02;29.7;31540000;-0.0535
2/04/2020;560;554;580.5;542;1400000;-0.0027;81.87;0.016;31.96;32.83;33.29;31.32;34270000;-0.0136
1/04/2020;561.5;578;581.5;551.5;1000000;-0.0201;80.58;-0.0142;32.4;31.23;32.96;30.78;37020000;0.0034
31/03/2020;573;576.5;577.5;568;490030;0.0009;81.74;-0.0733;32.29;31.6;33.24;31.54;39030000;0.0349
30/03/2020;572.5;582.5;583.5;564;570730;-0.0329;88.21;-0.0009;31.2;30.57;31.61;30.43;31190000;0.0414
27/03/2020;592;595;599.5;585;464520;-0.0017;88.29;-0.0005;29.96;29.36;30.96;29.28;32160000;-0.0449
26/03/2020;593;596;598.5;588;467160;-0.0025;88.33;-0.0036;31.37;30.64;31.68;29.87;35390000;0.0279
25/03/2020;594.5;601;601.5;586.5;518900;0.0375;88.65;0.009;30.52;28.53;30.89;28.45;37930000;0.0853
24/03/2020;573;570;590.5;559;689270;0.0106;87.86;0.0229;28.12;27.54;28.87;27.54;36950000;0.104
23/03/2020;567;575;577.5;564;509320;-0.0542;85.89;-0.0362;25.47;26.56;26.79;24.93;41740000;-0.0312
20/03/2020;599.5;620;624;581.5;600640;-0.0066;89.12;-0.0068;26.29;28.31;29.44;25.93;50200000;-0.0331
19/03/2020;603.5;624.5;628;591.5;686440;-0.0405;89.73;-0.0074;27.19;28.01;29.13;26.34;52140000;-0.0582
18/03/2020;629;618.5;640.5;617;387040;0.0194;90.4;0.0039;28.87;28.98;30.53;26.67;59550000;-0.069
17/03/2020;617;612;624.5;607.5;256730;-0.0104;90.05;0.0016;31.01;30.25;32.55;29.22;52590000;0.0634
16/03/2020;623.5;624;629;615;200280;0.0073;89.91;-0.0037;29.16;26.9;30.93;26.9;58830000;-0.0902
13/03/2020;619;618.5;637.5;604;353770;-0.0056;90.24;0.0114;32.05;31.37;32.89;27.64;67250000;0.2136
12/03/2020;622.5;620;630.5;614;176410;-0.0088;89.22;0.0008;26.41;26.89;26.89;24.24;61990000;-0.1321
11/03/2020;628;633;635;620;131390;0.008;89.15;-0.0118;30.43;32.13;33.09;29.13;49610000;-0.0908
10/03/2020;623;612;635;611;191810;0.0289;90.21;0.0327;33.47;31.3;33.87;30.48;62970000;0.1844
9/03/2020;605.5;599;614.5;591;202030;-0.0358;87.35;-0.0193;28.26;30.22;31.03;28.24;58880000;-0.1519
6/03/2020;628;633;634.5;621.5;127090;-0.0126;89.07;-0.0155;33.32;33.02;34.23;32.61;39720000;-0.048
5/03/2020;636;640;640.5;632;128390;0.0095;90.47;0.0082;35;35.6;35.82;34.33;29090000;-0.0353
4/03/2020;630;625;636.5;620.5;170120;-0.004;89.73;0.0278;36.28;35.86;36.67;35.11;31480000;0.0479
3/03/2020;632.5;636;642;625;147470;0.0193;87.3;0.002;34.62;34.92;36.67;34.42;52400000;-0.0003
2/03/2020;620.5;600;632.5;598;183800;0.0307;87.13;0.0591;34.63;33.53;35.18;33.47;48370000;0.0462
28/02/2020;602;609;611;590;221310;-0.0251;82.27;-0.0474;33.1;32.86;33.1;32.27;33230000;-0.0036
27/02/2020;617.5;620;623.5;613;119390;-0.0214;86.36;-0.0038;33.22;33.35;34.02;32.54;42420000;-0.0195
26/02/2020;631;635;639.5;622.5;164350;-0.0094;86.69;-0.0056;33.88;34.86;34.99;33.66;46920000;-0.0953
21/02/2020;643.5;646;649.5;641;132380;0.0086;87.36;0.0019;37.45;38.1;38.2;37.2;32250000;-0.0395
20/02/2020;638;630.5;653.5;629;184130;0.0175;87.19;0.0081;38.99;39.79;39.96;38.89;18820000;-0.0117
19/02/2020;627;622.5;632;620.5;87400;0.004;86.49;0.0001;39.45;39.54;39.68;39.14;14440000;0.0003
18/02/2020;624.5;633;633;617;146170;0.0163;86.48;-0.0028;39.44;39.26;39.63;38.93;18050000;-0.0115
17/02/2020;614.5;607;627.5;603.5;139820;0.014;86.72;0.0112;39.9;38.63;39.9;38.56;28130000;0.0472
14/02/2020;606;605;609;602;66500;0.0025;85.76;-0.0003;38.1;39;39.05;38.06;19900000;-0.0218
13/02/2020;604.5;607;609.5;600;85800;0.0042;85.79;0.0027;38.95;39.01;39.14;38.52;20110000;-0.0174
12/02/2020;602;598;607;595;90900;0.0118;85.56;0.0182;39.64;39.67;39.88;39.47;28540000;0.0195
11/02/2020;595;582;606;579.5;170980;0.0267;84.03;0.0345;38.88;38.21;38.99;38.11;27560000;0.0371
10/02/2020;579.5;579;584;574.5;76500;-0.0034;81.23;-0.0048;37.49;38.77;38.77;37.29;28240000;-0.0367
7/02/2020;581.5;583.5;586.5;578;80900;0.0078;81.62;0.0094;38.92;39.5;39.56;38.79;14450000;-0.0221
6/02/2020;577;568;588;567.5;123570;0.0141;80.86;0.0144;39.8;40.09;40.28;39.46;22160000;0.0056
5/02/2020;569;574;577;563;77400;0.0035;79.71;-0.0247;39.58;39.83;40.06;39.58;26800000;0.0136
4/02/2020;567;541;583.5;541;153170;-0.0087;81.73;0.0396;39.05;38.99;39.28;38.82;21560000;0.0268
3/02/2020;572;563.5;577;563.5;69300;-0.0654;78.62;-0.0356;38.03;37.72;38.17;37.2;18860000;0.0128
23/01/2020;612;624.5;625;599;43800;-0.0097;93.9;-0.0096;41.46;41.41;41.63;40.87;23030000;-0.0143
22/01/2020;618;621;626.5;610;37300;-0.0024;94.81;-0.0018;42.06;42.28;42.47;41.88;17270000;0.0048
21/01/2020;619.5;622.5;623;617;16900;-0.0032;94.98;-0.0006;41.86;42.43;42.59;41.64;25440000;-0.0231
20/01/2020;621.5;619;624.5;618;13500;0.0057;95.04;0.0004;42.85;42.58;42.85;42.23;16750000;0.0063
17/01/2020;618;613;622;613;17900;0.0016;95;0.0035;42.58;42.02;42.65;41.91;36520000;0.0332
16/01/2020;617;617.5;622;610.5;22300;-0.0032;94.67;-0.0013;41.21;41.53;41.8;41.16;13150000;-0.0053
15/01/2020;619;620;623;616;23100;0.0024;94.79;-0.0046;41.43;41.31;41.89;41.17;21430000;-0.0031
14/01/2020;617.5;610;624;610;22000;0.0098;95.23;0.0127;41.56;41.31;42.09;41.09;27820000;0.0061
13/01/2020;611.5;613;617;606.5;42400;-0.0024;94.04;0.0084;41.31;40.07;41.56;39.97;27500000;0.0364
10/01/2020;613;611.5;617.5;610.5;20600;-0.0113;93.26;-0.0011;39.86;40.15;40.24;39.67;9130000;0.001
9/01/2020;620;629;629.5;610.5;45800;-0.008;93.36;-0.0134;39.82;40.15;40.24;39.63;14640000;-0.0131
8/01/2020;625;615;630.5;615;41200;0.0171;94.63;0.0099;40.35;40.49;40.62;40.06;15300000;0.0002
7/01/2020;614.5;615;617;612;18200;0.0041;93.7;-0.0013;40.34;39.97;40.48;39.89;16330000;0.0072
6/01/2020;612;613.5;617;608.5;21600;0.0016;93.82;0.0049;40.05;40.19;40.19;39.7;32790000;-0.006
3/01/2020;611;607;615.5;606;30600;0.0066;93.36;0.0088;40.29;40.1;40.71;40.03;17280000;-0.0074
2/01/2020;607;607;613;601;22600;0.0108;92.55;0.0135;40.59;40.32;40.67;40.15;17510000;0.0193
30/12/2019;598;594.5;602;594;40100;0.0034;91.47;0.0005;39.82;40.08;40.23;39.74;11930000;-0.0055
27/12/2019;596;595.5;600;590.5;63900;0.0068;91.42;-0.0009;40.04;40.33;40.34;39.91;13920000;0.0043
26/12/2019;592;594;596.5;586.5;44600;-0.0117;91.5;-0.0009;39.87;39.89;40.03;39.67;20410000;0.0038
23/12/2019;597;591.5;603.5;590.5;45600;0.0025;91.52;-0.0007;39.72;39.95;40.01;39.59;10230000;-0.0038
20/12/2019;595.5;604;604;590.5;38300;-0.0025;91.58;-0.0069;39.87;39.86;40.02;39.41;42120000;0.0145
19/12/2019;597;592;605.5;588;43600;0.0076;92.22;0.0011;39.3;38.93;39.47;38.73;17680000;0.01
18/12/2019;592.5;592;596.5;588.5;31800;-0.005;92.12;-0.003;38.91;38.77;38.96;38.28;22920000;0.0023
17/12/2019;595.5;601;603;590;61200;-0.0189;92.4;-0.0019;38.82;38.75;39.09;38.61;13570000;0
16/12/2019;607;606;621.5;596;87000;0.0008;92.58;-0.0049;38.82;39.66;39.79;38.82;21810000;-0.0077
13/12/2019;606.5;608.5;613.5;600;53700;-0.0016;93.04;0.0032;39.12;38.79;39.3;38.45;28170000;0.0153
12/12/2019;607.5;612;616;602.5;67700;0.0016;92.74;-0.0024;38.53;37.92;38.61;37.65;25140000;0.0215
11/12/2019;606.5;604;613;599.5;52600;-0.0025;92.96;0.0098;37.72;37.39;37.88;37.27;15570000;0.0123
10/12/2019;608;607;615;600.5;68800;0.0167;92.06;-0.0014;37.26;37.27;37.43;37.04;13880000;-0.0045
9/12/2019;598;574.5;606;574.5;116680;0.0455;92.19;0.0411;37.43;38.02;38.2;37.35;19390000;0.0016
6/12/2019;572;570;576.5;568;38700;-0.0009;88.55;0.0034;37.37;37.3;37.62;37.14;13890000;0.0078
5/12/2019;572.5;572.5;577;567.5;40700;0.0115;88.25;-0.0009;37.08;36.9;37.17;36.79;9500000;0.0005
4/12/2019;566;561;574.5;558.5;47300;0.0089;88.33;0.0089;37.06;36.99;37.14;36.77;9110000;0.0101
3/12/2019;561;558.5;564;557.5;30400;0.0172;87.55;-0.0055;36.69;37.3;37.3;36.57;13480000;-0.0179
2/12/2019;551.5;557;560;545;40300;-0.0116;88.03;0.0212;37.36;36.5;37.62;36.47;23950000;0.0272
29/11/2019;558;560;564.5;553.5;22200;0.0045;86.2;0.0169;36.37;36.66;36.73;36.26;10290000;-0.0079
28/11/2019;555.5;556;562;551;23800;-0.0027;84.77;0.0002;36.66;36.79;37.03;36.16;10150000;-0.0041
27/11/2019;557;568;568;553;29800;-0.0176;84.75;-0.0033;36.81;37.06;37.26;36.48;13510000;-0.0123
26/11/2019;567;572;572;560;42900;0.0062;85.03;-0.0025;37.27;36.82;37.48;36.72;32450000;0.007
25/11/2019;563.5;556;575;554;31200;0.0218;85.24;0.0085;37.01;36.78;37.25;36.7;24510000;0.0165
22/11/2019;551.5;549;556.5;546.5;21700;0.0119;84.52;0.0031;36.41;35.33;36.41;35.33;27680000;0.0332
21/11/2019;545;546.5;550.5;540.5;27900;-0.0037;84.26;0.0032;35.24;34.76;35.24;34.71;15620000;0.0051
19/11/2019;537.5;538;543;535;19400;-0.0028;83.86;0.0042;35.06;35.01;35.29;34.73;13110000;0.0118
18/11/2019;539;540;542.5;535;30800;0.0028;83.51;0.0017;34.65;34.73;34.97;34.55;16780000;0.0132
14/11/2019;524.5;522.5;528.5;520.5;43300;0.0038;82.94;0.0222;34.2;34.46;34.63;34.17;14160000;-0.0026
13/11/2019;522.5;523;529.5;519;42400;0;81.14;0.0006;34.29;34.68;34.98;34.18;16880000;-0.0164
12/11/2019;522.5;518.5;529.5;516.5;26300;0.0058;81.09;0.0215;34.86;35.15;35.29;34.86;13130000;-0.0049
11/11/2019;519.5;520.5;523.5;516;35700;-0.0057;79.38;-0.0087;35.03;35.25;35.25;34.9;20390000;-0.0212
8/11/2019;522.5;527.5;527.5;520.5;36800;-0.0114;80.08;-0.027;35.79;35.9;36.06;35.52;19850000;-0.0186
7/11/2019;528.5;530.5;532.5;525;14300;-0.0056;82.3;-0.0074;36.47;36.27;36.77;36.05;26790000;0.0086
6/11/2019;531.5;529;535.5;528.5;18900;0.0057;82.91;0.0025;36.16;36.31;36.37;35.59;14880000;-0.0036
5/11/2019;528.5;527.5;532.5;525;15400;0;82.7;0;36.29;36.44;36.59;35.97;15950000;0.0008
4/11/2019;528.5;532;532.5;526;13200;-0.0019;82.7;-0.0178;36.26;35.72;36.26;35.72;20980000;0.0287
1/11/2019;529.5;528;533.5;526;17200;-0.0009;84.2;-0.0598;35.25;34.79;35.44;34.76;20110000;0.0262
31/10/2019;530;530.5;533.5;527.5;19700;0.0066;89.56;-0.0002;34.35;35;35.28;34.1;21660000;-0.0286
30/10/2019;526.5;527;530.5;523;25900;-0.0019;89.58;-0.0007;35.36;35.22;35.38;34.71;15260000;-0.0011
29/10/2019;527.5;530.5;531.5;525.5;18100;-0.014;89.64;-0.0001;35.4;35.23;35.51;34.99;9950000;-0.0011
28/10/2019;535;532;541.5;528;34300;0.0133;89.65;-0.0001;35.44;35.4;35.51;35.18;10890000;0.0028
25/10/2019;528;528;533;525;20500;0.0086;89.66;-0.0006;35.34;34.75;35.34;34.6;21680000;0.0388
24/10/2019;523.5;521.5;528;520.5;16200;0.0029;89.71;0.0012;34.02;34.54;34.62;33.85;14460000;-0.0076
23/10/2019;522;520;525;518.5;19700;0.0077;89.6;0.0019;34.28;34.64;34.81;34.23;12300000;-0.0041
22/10/2019;518;519;520.5;515;22500;-0.0019;89.43;0.0028;34.42;34.41;34.6;34.28;15110000;0.0017
21/10/2019;519;526;526;515;39700;-0.0019;89.18;-0.0028;34.36;33.78;34.36;33.67;13250000;0.0257
18/10/2019;520;521.5;532;513.5;62200;0.0097;89.43;-0.0046;33.5;34.12;34.33;33.49;16370000;-0.0144
17/10/2019;515;518;524.5;505;75700;-0.0106;89.84;-0.0002;33.99;34.2;34.24;33.92;14110000;-0.0021
16/10/2019;520.5;528;528;517.5;36000;-0.001;89.86;-0.0253;34.06;34.49;34.58;33.94;24340000;-0.0232
15/10/2019;521;518;528.5;517;33500;-0.0104;92.19;0.0077;34.87;34.84;35.14;34.59;14600000;-0.0014
14/10/2019;526.5;528;534.5;517;34800;0.001;91.49;-0.0111;34.92;35.08;35.11;34.61;11480000;-0.0136
11/10/2019;526;525;531;521;26000;0.0125;92.52;-0.0019;35.4;34.95;35.6;34.93;24350000;0.0297
10/10/2019;519.5;515;526;514;21900;-0.0019;92.7;0.0234;34.38;33.52;34.53;33.52;15230000;0.0343
9/10/2019;520.5;522;525;514;20100;-0.0019;90.58;-0.0293;33.24;33.24;33.51;32.99;9460000;0.0079
8/10/2019;521.5;530;532.5;512;22700;-0.0104;93.31;0.0115;32.98;33.69;33.75;32.98;14540000;-0.0158
30/09/2019;527;521;531.5;515.5;20600;0.0144;92.91;0.0009;34.75;34.68;34.96;34.36;12070000;0.002
27/09/2019;519.5;515.5;524.5;512;27700;0.0078;92.83;0.0012;34.68;35.04;35.19;34.4;13260000;-0.0043
26/09/2019;515.5;512;521;512;19800;0.0029;92.72;0.0044;34.83;35;35.14;34.59;12190000;0
25/09/2019;514;510.5;519;510.5;20900;-0.0077;92.31;-0.006;34.83;34.23;34.95;34.08;14520000;0.0199
24/09/2019;518;520;525;510.5;24800;0.0117;92.87;-0.0057;34.15;34.72;34.84;34.04;15220000;-0.0243
23/09/2019;512;509.5;522;505;26500;-0.001;93.4;0.0054;35;35.07;35.35;34.9;11930000;-0.0068
20/09/2019;512.5;523.5;523.5;504;44300;-0.033;92.9;0.0004;35.24;35.41;35.47;34.93;23850000;0.0023
19/09/2019;530;536.5;538;522;29300;-0.013;92.86;-0.0116;35.16;35.22;35.35;34.76;15640000;-0.0017
18/09/2019;537;539;544;530.5;28300;-0.0281;93.95;-0.0066;35.22;35.66;35.66;34.92;15200000;-0.0104
17/09/2019;552.5;555;555;552.5;12600;-0.0745;94.57;-0.0087;35.59;35.11;35.77;35.1;14430000;0.0065
16/09/2019;597;598.5;604.5;590;131410;0.0205;95.4;-0.0118;35.36;35.95;35.98;35.19;26330000;-0.024
12/09/2019;585;586;595;580;164490;0.0095;95.64;0.0293;36.16;35.38;36.22;35.37;39260000;0.0361
11/09/2019;579.5;579;586.5;573;163450;0.007;92.92;0.0142;34.9;35.37;35.37;34.63;16810000;-0.006
10/09/2019;575.5;582.5;583;570.5;161880;0.0186;91.62;-0.0042;35.11;34.84;35.3;34.35;21420000;0.0075
9/09/2019;565;568;580;553;269990;-0.0199;92.01;0.0284;34.85;33.99;34.85;33.69;24280000;0.0311
6/09/2019;576.5;581;589;563;201010;-0.0229;89.47;-0.0107;33.8;33.8;33.98;33.54;10260000;-0.0015
5/09/2019;590;582.5;596;580;238210;0.0216;90.44;-0.0113;33.85;34.17;34.34;33.85;20170000;0
4/09/2019;577.5;580;585;572;195900;-0.0043;91.47;0.0245;33.85;33.51;33.85;33.45;12410000;0.0217
3/09/2019;580;583;586;574.5;196190;0.0158;89.28;-0.0129;33.13;33.48;33.51;33;13170000;-0.0105
2/09/2019;571;562;583;558.5;216940;0.0382;90.45;0.0718;33.48;33.88;33.96;33.37;12710000;0.0097
30/08/2019;550;539;562.5;539;209160;0.0166;84.39;-0.0705;33.16;33.47;33.72;32.94;27160000;0.0104
29/08/2019;541;542.5;548;534.5;133430;0.0112;90.79;-0.0002;32.82;32.1;32.93;31.99;23350000;0.0373
28/08/2019;535;539;544;526;164600;-0.0174;90.81;-0.0039;31.64;31.52;32.14;31.32;13380000;0.0035
27/08/2019;544.5;546.5;552.5;538.5;121610;-0.018;91.17;-0.0102;31.53;31.4;31.96;30.89;27760000;0.0122
26/08/2019;554.5;560;568;542;185070;-0.0045;92.11;0.0016;31.15;31.65;31.77;30.96;13010000;-0.0111
23/08/2019;557;555;565;549.5;169210;0.023;91.96;0.0077;31.5;31.9;32.45;31.22;26020000;-0.0138
22/08/2019;544.5;537;557.5;534.5;196220;0.0102;91.26;0.0092;31.94;32.3;32.3;31.69;12210000;-0.0059
21/08/2019;539;554.5;554.5;531.5;161260;-0.0341;90.43;-0.022;32.13;31.73;32.26;31.34;16140000;0.0072
20/08/2019;558;560;562;553;80300;-0.0141;92.46;-0.004;31.9;31.66;32.38;31.22;16790000;0.0041
19/08/2019;566;573;578.5;552;109750;-0.0114;92.83;-0.0001;31.77;32.23;32.33;31.45;27450000;-0.0006
16/08/2019;572.5;571;581;564.5;102030;-0.0078;92.84;0.0028;31.79;32.35;32.53;31.64;19460000;-0.0047
15/08/2019;577;580;587.5;568;134190;-0.0128;92.58;-0.0153;31.94;32.76;33.11;31.42;24420000;-0.022
14/08/2019;584.5;580;593;576;125310;0.0078;94.02;0.0098;32.66;33.46;33.46;32.55;24660000;-0.0349
13/08/2019;580;590;595;572;123050;0;93.11;-0.0149;33.84;33.15;34.06;33;19910000;0.0298
12/08/2019;580;585;592;569;195180;-0.0244;94.52;0.0018;32.86;32.86;33.47;32.77;16310000;-0.0073
9/08/2019;594.5;605;611;580;162660;-0.0238;94.35;-0.0161;33.1;33.99;34.07;33.1;24390000;-0.0358
8/08/2019;609;611.5;616.5;601;137910;-0.024;95.89;0.014;34.33;34.42;34.56;34.15;24120000;0.0148
7/08/2019;624;634;644.5;608;224940;-0.0165;94.57;-0.037;33.83;33.37;33.83;33.08;20680000;-0.0029
6/08/2019;634.5;618.5;644.5;613;194590;0.0087;98.2;-0.0258;33.93;33.81;34.18;33.69;21830000;0.0134
5/08/2019;629;632;640;611.5;165480;-0.0187;100.8;-0.0586;33.48;33.91;33.91;33.3;36290000;-0.0385
2/08/2019;641;647.5;648.5;629.5;113040;-0.0281;107.08;-0.0521;34.82;35.08;35.14;34.5;19660000;-0.0114
1/08/2019;659.5;668;669.5;650;89700;-0.0222;112.97;-0.0587;35.22;35.83;35.91;35.11;45500000;-0.0284
31/07/2019;674.5;664.5;687;663.5;102260;0.0166;120.02;-0.0007;36.25;36.66;36.79;35.82;23170000;-0.0038
30/07/2019;663.5;653.5;677.5;651.5;72500;0.0053;120.11;0.0024;36.39;36.51;36.81;36.39;10080000;-0.0052
29/07/2019;660;668.5;669;654.5;59700;0.0053;119.82;-0.0028;36.58;36.61;36.82;36.24;8380000;0.0008
26/07/2019;656.5;659;670;646;110550;0.0061;120.16;0.004;36.55;37.11;37.15;36.52;12540000;-0.0052
25/07/2019;652.5;657;659;645.5;69600;-0.0046;119.68;0.0008;36.74;37.11;37.2;36.46;12710000;-0.0033
24/07/2019;655.5;672;672;637.5;122860;-0.0325;119.58;-0.0013;36.86;37.18;37.3;36.79;25060000;-0.0215
23/07/2019;677.5;670;687.5;670;66200;-0.0138;119.73;-0.0049;37.67;38.13;38.28;37.67;11050000;-0.0131
22/07/2019;687;703.5;704.5;673;72600;-0.0079;120.32;-0.0046;38.17;37.97;38.32;37.7;11290000;-0.0052
19/07/2019;692.5;683;708;681;79100;-0.0014;120.87;-0.0031;38.37;38.43;38.74;38.24;11480000;0.0026
18/07/2019;693.5;695.5;701;684.5;56200;-0.0057;121.24;0;38.27;38.29;38.44;38.01;12190000;-0.0018
17/07/2019;697.5;706;713;681;110320;-0.0245;121.24;-0.0003;38.34;38.56;38.66;38.18;13690000;-0.007
16/07/2019;715;698;724.5;698;98300;0.0453;121.28;-0.0012;38.61;38.72;38.91;38.42;17350000;0.007
15/07/2019;684;680;696;671;72300;0.0022;121.43;0.0129;38.34;38.18;38.52;38.02;20020000;0.017
12/07/2019;682.5;684;691;672;58900;-0.0051;119.88;-0.0003;37.7;38.18;38.41;37.65;22200000;-0.0048
11/07/2019;686;692;695;677.5;72300;-0.0087;119.91;-0.0039;37.88;37.75;38.21;37.64;18490000;-0.0016
10/07/2019;692;701;703;685;72000;-0.0079;120.38;-0.0075;37.94;37.56;38.25;37.41;28050000;0.0232
8/07/2019;667.5;660.5;685.5;650;107970;-0.0241;118.33;0.022;37.08;36.86;37.55;36.72;12670000;0.0117
5/07/2019;684;693;704.5;661.5;96500;-0.0277;115.78;-0.0437;36.65;36.68;36.81;36.21;27730000;-0.0253
4/07/2019;703.5;755;755;682;117340;-0.014;121.07;-0.0261;37.6;37.61;37.92;37.22;16140000;0.0072
3/07/2019;713.5;704.5;725;700;99000;0.0135;124.31;0.0111;37.33;37.68;37.82;37.22;19930000;-0.0019
2/07/2019;704;697;713.5;691.5;82600;0.0338;122.95;0.0316;37.4;39.37;39.41;36.4;48280000;-0.042
1/07/2019;681;665;696;661.5;76000;0.0365;119.18;0.0559;39.04;38.64;39.15;38.64;22760000;0.0353
28/06/2019;657;651;665.5;648.5;38000;0.0054;112.87;0.0348;37.71;37.89;37.99;37.62;10870000;0.0024
27/06/2019;653.5;651;661;637.5;48000;0.0108;109.07;0.0002;37.62;37.95;37.95;37.49;14900000;0.0021
26/06/2019;646.5;653;654.5;638.5;49100;-0.013;109.05;0.0029;37.54;37.48;37.87;37.38;13240000;0.004
25/06/2019;655;661;668;644.5;51400;0.0124;108.73;-0.0047;37.39;37.98;38.18;37.36;12350000;-0.0194
24/06/2019;647;641;663.5;633.5;58300;0.0023;109.24;-0.0024;38.13;38.19;38.19;37.92;9250000;-0.0008
21/06/2019;645.5;642.5;657.5;633;80900;0.0197;109.5;0.0023;38.16;38.39;38.52;37.92;20440000;0.0026
19/06/2019;638.5;632;650.5;620.5;68600;0.029;107.92;0.0098;38.06;38.57;38.64;37.72;23610000;0.0058
18/06/2019;620.5;625;631.5;613;25600;-0.0127;106.87;0.0183;37.84;37.11;38.15;37.11;27120000;0.0359
17/06/2019;628.5;643;643;621;24800;-0.0331;104.95;-0.006;36.53;37.11;37.35;36.53;20480000;-0.0235
14/06/2019;650;647.5;660;637;30800;0.0252;105.58;-0.0085;37.41;37.62;37.71;37.22;20290000;-0.0085
13/06/2019;634;630.5;647;626.5;17700;-0.0024;106.49;0.0289;37.73;37.77;38.02;37.54;18030000;0.0069
12/06/2019;635.5;635;645;627.5;24600;0.0291;103.5;-0.0027;37.47;37.51;37.91;37.06;24450000;0.0011
11/06/2019;617.5;602.5;631;601.5;21600;0.0369;103.78;0.0447;37.43;36.21;37.46;36.14;44480000;0.064
10/06/2019;595.5;599;603.5;590;11800;0.0068;99.34;0.0192;35.18;35.62;35.83;35.17;11570000;-0.0065
6/06/2019;591.5;608;608;580.5;16200;-0.0207;97.5;-0.0072;35.51;35.58;35.62;35.16;10840000;0.0082
5/06/2019;604;610;610;598.5;15500;-0.0049;98.21;-0.0005;35.22;35.86;35.97;34.83;14270000;-0.0145
4/06/2019;607;605;612.5;601.5;18100;-0.0057;98.26;0.0183;35.74;35.79;35.91;35.15;19500000;0.0056
3/06/2019;610.5;620;620;598;19500;-0.0286;96.49;-0.0254;35.54;35.91;36.1;35.25;22420000;-0.0034
30/05/2019;633.5;642;642;626;18100;-0.0024;99;-0.0004;36.39;36.18;36.48;35.98;12850000;0.0061
29/05/2019;635;652;652;623.5;33200;-0.032;99.04;-0.0037;36.17;36.04;36.28;35.77;17800000;-0.0109
28/05/2019;656;655;665;642.5;28100;0.0139;99.41;-0.0009;36.57;36.35;37.08;36.28;36950000;0.0011
27/05/2019;647;629.5;663.5;629.5;23600;0.0335;99.5;0.0091;36.53;35.66;36.57;35.59;17230000;0.039
24/05/2019;626;633;633;619.5;10300;-0.0032;98.6;-0.001;35.16;35.4;35.97;35.16;24880000;0.0103
23/05/2019;628;627;634;621.5;9200;0.0088;98.7;0.0013;34.8;34.25;34.86;33.78;15700000;0.0075
22/05/2019;622.5;615;630;612.5;18700;0.0272;98.57;0.0069;34.54;34.77;35.43;34.47;21020000;0.0012
21/05/2019;606;609.5;620.5;592.5;10500;-0.0016;97.89;0.0008;34.5;34.28;34.9;33.54;32330000;0.0141
20/05/2019;607;603;615;602;7600;-0.1272;97.81;0.0009;34.02;34.65;34.74;33.93;23820000;-0.0204
17/05/2019;695.5;682;710;679.5;3200000;0.0365;97.72;0.0166;34.73;33.77;34.73;33.69;34010000;0.0284
16/05/2019;671;660;685;656.5;3100000;0.0331;96.12;0.0156;33.77;35.33;35.61;33.35;48990000;-0.0324
15/05/2019;649.5;645;660;641;1700000;-0.0038;94.64;0.0124;34.9;34.31;35.26;34.22;18380000;0.0078
14/05/2019;652;650.5;665.5;642;2900000;-0.0038;93.48;-0.0103;34.63;35.06;35.19;34.46;14140000;0.0032
13/05/2019;654.5;655;660;650;1900000;0.0116;94.45;-0.0082;34.52;35.32;35.48;34.52;18500000;-0.0408
10/05/2019;647;641;657.5;637;2100000;0.0101;95.23;0.0116;35.99;35.15;36.24;34.98;25200000;0.019
9/05/2019;640.5;640.5;646.5;635;1700000;-0.0054;94.14;0.0004;35.32;35.66;35.67;34.97;12410000;-0.0095
8/05/2019;644;650;650.5;636.5;1700000;-0.01;94.1;-0.0072;35.66;36.26;36.49;35.62;18400000;-0.0141
7/05/2019;650.5;639;661.5;633.5;2400000;0.0268;94.78;0.0151;36.17;35.91;36.17;35.46;15140000;0.0008
6/05/2019;633.5;626;639.5;622.5;1300000;-0.0016;93.37;-0.0089;36.14;36.1;36.21;35.72;10410000;-0.0147
30/04/2019;634.5;634;642;627.5;1700000;0.0136;93.24;0.0012;36.46;36.55;36.89;36.21;11340000;-0.003
29/04/2019;626;620;634;619;1700000;0.0097;93.13;-0.0003;36.57;37.07;37.16;36.47;8680000;-0.0033
26/04/2019;620;618.5;626;613.5;2200000;-0.0008;93.16;0.0027;36.69;36.74;36.86;36.04;10590000;0.0016
25/04/2019;620.5;619;627.5;616;1600000;-0.0024;92.91;-0.0009;36.63;36.55;36.7;35.94;15870000;-0.0005
24/04/2019;622;628.5;629;616.5;1600000;-0.0111;92.99;-0.0032;36.65;37.51;37.65;36.5;19930000;-0.0299
23/04/2019;629;629;634.5;626;1400000;-0.0055;93.29;0.005;37.78;37.54;37.78;37.32;9860000;0.0121
22/04/2019;632.5;622;642;622;3300000;0.0218;92.83;0.003;37.33;37.81;37.84;36.97;16260000;-0.0243
18/04/2019;620;623.5;625.5;615;1700000;-0.0088;92.55;-0.0033;38.26;37.99;38.55;37.85;10670000;0.0063
17/04/2019;625.5;634.5;636.5;615.5;2400000;-0.031;92.86;-0.0099;38.02;38.69;39.15;37.62;26440000;-0.016
16/04/2019;645.5;651;657.5;632;2300000;-0.0122;93.79;-0.0091;38.64;37.31;38.69;37;18750000;0.0345
15/04/2019;653.5;658.5;665;646;2400000;0.0023;94.65;-0.0001;37.35;37.54;37.64;36.95;15680000;-0.0029
12/04/2019;652;660;663;643.5;2900000;0.0046;94.66;0.0049;37.46;37.91;38.37;37.34;16830000;-0.0061
11/04/2019;649;652;656.5;640;1800000;0.0031;94.2;0.0134;37.69;37.48;37.74;37.06;10240000;0.0005
10/04/2019;647;649;653.5;642;1600000;-0.0077;92.95;0.0005;37.67;38.38;38.38;37.49;15580000;-0.0113
9/04/2019;652;655;663.5;641.5;2000000;0.0093;92.9;-0.0144;38.1;38.7;38.79;38.06;14230000;-0.0193
8/04/2019;646;635;658.5;629;1600000;-0.0535;94.26;0.0216;38.85;38.21;38.85;38.1;14320000;0.027
4/04/2019;682.5;689.5;689.5;675;1600000;0.0037;92.83;0.0052;37.96;37.84;38.18;37.57;14110000;0.0074
3/04/2019;680;660;694.5;660;2800000;0.0374;92.35;0.0315;37.68;38.41;38.45;37.56;21410000;0.0029
2/04/2019;655.5;648;665.5;643.5;1700000;0.0266;89.53;0.0232;37.57;38.61;38.79;37.57;21400000;-0.0185
1/04/2019;638.5;628.5;653.5;628.5;1100000;0.0282;87.5;0.021;38.28;38.1;38.61;37.92;25320000;0.0329
29/03/2019;621;606;638.5;602.5;1700000;0.018;85.7;0.0006;37.06;36.35;37.55;36.35;25030000;0.0329
28/03/2019;610;613;614.5;605;1200000;-0.0057;85.65;-0.0001;35.88;36.76;36.82;35.38;28400000;-0.0061
27/03/2019;613.5;611;617;609.5;935730;0;85.66;-0.0006;36.1;36.42;36.93;35.88;20410000;-0.0134
26/03/2019;613.5;614;617.5;608.5;771340;-0.0008;85.71;0.0014;36.59;36.25;36.9;36.24;13360000;0.0147
25/03/2019;614;619.5;620;610;1000000;0.0024;85.59;-0.0015;36.06;36.1;36.61;35.78;15860000;-0.0099
22/03/2019;612.5;613;617;608.5;1000000;0;85.72;0.0056;36.42;36.73;37.35;36.17;25560000;-0.0165
21/03/2019;612.5;610;622;607;1500000;-0.0016;85.24;0.0015;37.03;36.77;37.46;36.76;19600000;0.0065
20/03/2019;613.5;636;639;601;2300000;-0.0369;85.11;-0.0142;36.79;37.44;37.61;36.68;25480000;-0.0259
19/03/2019;637;633;644.5;630;1600000;0.0039;86.34;-0.0036;37.77;36.9;38.13;36.82;31950000;0.0286
18/03/2019;634.5;626.5;645;624;2400000;0.0193;86.65;0.0038;36.72;36.57;36.87;36.26;22970000;-0.0019
15/03/2019;622.5;626;630.5;616;2100000;0.0081;86.32;0.003;36.79;36.97;37.29;36.68;25950000;-0.003
14/03/2019;617.5;606;628;602.5;2200000;0.0123;86.06;0.0156;36.9;36.97;37.06;36.53;17220000;0
13/03/2019;610;614;616;603;1400000;0.0074;84.74;-0.0059;36.9;36.34;37.11;36.17;21950000;0.0146
12/03/2019;605.5;599;613.5;598.5;1400000;0.0075;85.24;0.0184;36.37;36.24;36.63;36.06;15550000;0.0019
11/03/2019;601;603.5;608.5;594.5;1700000;-0.0251;83.7;-0.0133;36.3;35.59;36.35;35.38;20080000;0.0211
8/03/2019;616.5;624;624.5;612.5;1700000;0;84.83;-0.021;35.55;35.12;35.58;34.68;25450000;-0.0003
7/03/2019;616.5;611.5;625;610.5;1500000;-0.004;86.65;0.0133;35.56;34.81;35.63;34.73;21110000;0.0169
6/03/2019;619;622.5;627;610;2000000;0.0024;85.51;-0.0103;34.97;34.52;34.97;34.34;15240000;0.0282
1/03/2019;616.5;613;627.5;608;1500000;0.0224;85.92;-0.0161;34.01;34.41;34.57;32.42;29870000;-0.0079
28/02/2019;603;596;611;596;1700000;0.0092;87.33;0.0002;34.28;33.78;34.28;33.55;17880000;0.0059
27/02/2019;597.5;594.5;604;590;1500000;0.0067;87.31;-0.0009;34.08;34.39;34.39;33.72;15000000;-0.0079
26/02/2019;593.5;597;599.5;586;1900000;-0.0318;87.39;-0.0024;34.35;34.05;34.41;33.91;10360000;0.0017
25/02/2019;613;619;624.5;598.5;2200000;0.0107;87.6;-0.0021;34.29;34.46;34.75;33.77;16800000;0.0026
22/02/2019;606.5;610;619;598.5;2400000;-0.0186;87.78;0.0007;34.2;33.26;34.25;33.16;17580000;0.0357
21/02/2019;618;619.5;625;611.5;1700000;-0.0056;87.72;-0.0058;33.02;33.36;33.54;32.84;21400000;-0.0093
20/02/2019;621.5;630;636;613;2300000;-0.0166;88.23;-0.0031;33.33;33.4;33.53;32.7;25490000;0.0069
19/02/2019;632;630;637;628;1300000;0.0016;88.5;0.001;33.1;33.11;33.43;32.92;20520000;0.0052
18/02/2019;631;628;641.5;623;2300000;0.0088;88.41;0.0034;32.93;33.32;33.59;32.68;18780000;-0.0138
15/02/2019;625.5;629.5;636;617.5;2200000;0.0064;88.11;0.0018;33.39;33.04;33.49;32.89;27880000;0.0048
14/02/2019;621.5;624.5;629.5;610.5;1800000;-0.004;87.95;0.0065;33.23;33.03;33.43;32.78;24060000;0.0039
13/02/2019;624;634;637;615;2300000;-0.0326;87.38;-0.006;33.1;32.25;33.47;32.24;38150000;0.0267
12/02/2019;645;650;657.5;632.5;2200000;-0.01;87.91;-0.0229;32.24;30.93;32.26;30.6;36420000;0.0543
11/02/2019;651.5;652;652;651;282460;0.0786;89.97;-0.0317;30.58;31.92;32.06;30.49;30700000;-0.0264
1/02/2019;604;587.5;623;586;1900000;0.0334;86.9;0.143;33.66;33.27;33.72;33.17;21290000;0.0166
31/01/2019;584.5;592;594;576;1800000;0.0112;76.03;0.0044;33.11;34.2;34.52;33.11;39810000;-0.0236
30/01/2019;578;562.5;589;562;1900000;0.0396;75.7;0.0013;33.91;33.66;34.06;32.73;67890000;0.0904
29/01/2019;556;551;562.5;549;1300000;0.0045;75.6;0.0007;31.1;31.49;32.52;31;68340000;0.0084
;;;;;;;;;;;;;;
;;;;;;;;;;;;;;
;;;;;;;;;;;;;;
;;;;;;;;;;;;;;
;;;;;;;;;;;;;;
;;;;;;;;;;;;;;
;;;;;;;;;;;;;;
;;;;;;;;;;;;;;
;;;;;;;;;;;;;;
;;;;;;;;;;;;;;
;;;;;;;;;;;;;;
;;;;;;;;;;;;;;
;;;;;;;;;;;;;;
;;;;;;;;;;;;;;
;;;;;;;;;;;;;;
;;;;;;;;;;;;;;
;;;;;;;;;;;;;;
;;;;;;;;;;;;;;
;;;;;;;;;;;;;;
;;;;;;;;;;;;;;
;;;;;;;;;;;;;;
;;;;;;;;;;;;;;
;;;;;;;;;;;;;;
;;;;;;;;;;;;;;
;;;;;;;;;;;;;;
;;;;;;;;;;;;;;
;;;;;;;;;;;;;;
;;;;;;;;;;;;;;
;;;;;;;;;;;;;;
;;;;;;;;;;;;;;
;;;;;;;;;;;;;;
;;;;;;;;;;;;;;
;;;;;;;;;;;;;;
;;;;;;;;;;;;;;
;;;;;;;;;;;;;;
;;;;;;;;;;;;;;
;;;;;;;;;;;;;;
;;;;;;;;;;;;;;
;;;;;;;;;;;;;;
;;;;;;;;;;;;;;
;;;;;;;;;;;;;;
;;;;;;;;;;;;;;
;;;;;;;;;;;;;;
;;;;;;;;;;;;;;
;;;;;;;;;;;;;;
;;;;;;;;;;;;;;
;;;;;;;;;;;;;;
;;;;;;;;;;;;;;
;;;;;;;;;;;;;;
;;;;;;;;;;;;;;
;;;;;;;;;;;;;;
;;;;;;;;;;;;;;
;;;;;;;;;;;;;;
;;;;;;;;;;;;;;
;;;;;;;;;;;;;;
;;;;;;;;;;;;;;
;;;;;;;;;;;;;;
;;;;;;;;;;;;;;
;;;;;;;;;;;;;;
;;;;;;;;;;;;;;
;;;;;;;;;;;;;;
;;;;;;;;;;;;;;
;;;;;;;;;;;;;;
;;;;;;;;;;;;;;
;;;;;;;;;;;;;;
;;;;;;;;;;;;;;
;;;;;;;;;;;;;;
;;;;;;;;;;;;;;
;;;;;;;;;;;;;;
;;;;;;;;;;;;;;
;;;;;;;;;;;;;;
;;;;;;;;;;;;;;
;;;;;;;;;;;;;;
;;;;;;;;;;;;;;
;;;;;;;;;;;;;;
;;;;;;;;;;;;;;
;;;;;;;;;;;;;;
;;;;;;;;;;;;;;
;;;;;;;;;;;;;;
;;;;;;;;;;;;;;
;;;;;;;;;;;;;;
;;;;;;;;;;;;;;
;;;;;;;;;;;;;;
