Data;Último;Abertura;Máxima;Mínima;;
02.01.2018;17.1;16.77;17.1;16.76;;
03.01.2018;17.32;17.01;17.44;16.98;;
04.01.2018;17.47;17.44;17.67;17.4;;
05.01.2018;17.61;17.46;17.62;17.37;;
08.01.2018;17.88;17.41;17.88;17.38;;
09.01.2018;17.88;17.82;18.03;17.77;;
10.01.2018;17.55;17.76;17.87;17.53;;
11.01.2018;17.98;17.66;18.03;17.58;;
12.01.2018;18.12;17.86;18.17;17.78;;
15.01.2018;18.22;18.07;18.31;18.07;;
16.01.2018;18.54;18.21;18.68;18.19;;
17.01.2018;19.22;18.67;19.22;18.61;;
18.01.2018;19.19;19.22;19.4;18.88;;
19.01.2018;19.06;19.25;19.36;18.97;;
22.01.2018;19.25;18.96;19.31;18.96;;
23.01.2018;19.14;19.15;19.26;18.89;;
24.01.2018;20.36;19.26;20.68;19.25;;
26.01.2018;21.43;20.76;21.49;20.22;;
29.01.2018;21.43;21.14;21.65;20.88;;
30.01.2018;20.9;21.25;21.31;20.55;;
31.01.2018;21.02;21.21;21.37;21.02;;
01.02.2018;21.84;21.02;21.88;20.93;;
02.02.2018;21.26;21.47;21.83;21.14;;
05.02.2018;20.3;20.99;21.23;20.3;;
06.02.2018;21.32;19.83;21.33;19.79;;
07.02.2018;20.71;21.31;21.55;20.59;;
08.02.2018;20.08;20.74;20.94;20;;
09.02.2018;19.83;20.11;20.52;19.41;;
14.02.2018;20.11;20.03;20.32;19.86;;
15.02.2018;20.46;20.4;20.52;20.1;;
16.02.2018;20.45;20.73;20.77;20.34;;
19.02.2018;21.02;20.59;21.06;20.55;;
20.02.2018;21.4;20.96;21.56;20.76;;
21.02.2018;21.16;21.4;21.74;21.16;;
22.02.2018;21.79;21.23;21.97;21.23;;
23.02.2018;22.35;21.91;22.46;21.83;;
26.02.2018;22.88;22.68;23;22.56;;
27.02.2018;22.82;22.88;23.3;22.8;;
28.02.2018;22.85;22.9;23.16;22.54;;
01.03.2018;22.47;22.75;22.98;22.21;;
02.03.2018;22.88;22.15;22.9;21.92;;
05.03.2018;23.53;22.88;23.65;22.81;;
06.03.2018;23.37;23.79;24.02;23.29;;
07.03.2018;23.05;23.35;23.4;22.67;;
08.03.2018;23.08;23.21;23.22;22.73;;
09.03.2018;23.69;23.16;23.71;22.93;;
12.03.2018;23.59;23.78;23.89;23.54;;
13.03.2018;23.36;23.78;23.81;23.27;;
14.03.2018;23.3;23.59;23.63;23.2;;
15.03.2018;22.82;23.09;23.32;22.71;;
16.03.2018;23.06;22.95;23.25;22.75;;
19.03.2018;22.29;22.65;22.87;22.29;;
20.03.2018;22.59;22.43;22.84;22.43;;
21.03.2018;23.45;22.62;23.55;22.55;;
22.03.2018;23.32;23.35;23.61;23.06;;
23.03.2018;23.4;23.17;23.77;23.1;;
26.03.2018;23.6;23.77;23.88;23.31;;
27.03.2018;23.02;23.69;23.8;22.88;;
28.03.2018;22.73;22.89;23.05;22.56;;
29.03.2018;23.05;22.72;23.18;22.72;;
02.04.2018;22.44;22.87;23.1;22.27;;
03.04.2018;22.5;22.69;22.79;22.35;;
04.04.2018;22.42;22;22.51;21.89;;
05.04.2018;23.03;23.01;23.62;22.98;;
06.04.2018;23.27;22.95;23.27;22.83;;
09.04.2018;22.6;23.51;23.51;22.55;;
10.04.2018;23.49;22.92;23.66;22.87;;
11.04.2018;24.03;23.39;24.12;23.23;;
12.04.2018;24.07;24.03;24.17;23.9;;
13.04.2018;23.42;23.98;24.06;23.32;;
16.04.2018;22.59;23.4;23.43;22.57;;
17.04.2018;23.01;22.74;23.06;22.52;;
18.04.2018;23.76;23.36;23.88;22.99;;
19.04.2018;24.05;23.99;24.33;23.79;;
20.04.2018;24.11;23.9;24.22;23.64;;
23.04.2018;24.03;23.93;24.05;23.51;;
24.04.2018;23.95;24.18;24.33;23.71;;
25.04.2018;23.19;23.63;23.63;23.01;;
26.04.2018;24.13;23.53;24.13;23.43;;
27.04.2018;24.2;24.13;24.48;24.12;;
30.04.2018;24.31;24.17;24.45;24.05;;
02.05.2018;24.25;23.83;24.47;23.79;;
03.05.2018;23.99;24.08;24.23;23.59;;
04.05.2018;23.58;23.9;24.09;23.58;;
07.05.2018;24.42;23.8;24.92;23.79;;
08.05.2018;24.42;24.77;24.94;23.99;;
09.05.2018;26.86;24.85;27.02;24.81;;
10.05.2018;28.46;27.29;28.92;27.07;;
11.05.2018;28.57;28.5;29.46;28.41;;
14.05.2018;29.76;28.87;30.17;28.87;;
15.05.2018;30.51;29.86;30.56;29.53;;
16.05.2018;31.22;30.59;31.38;30.51;;
17.05.2018;29.82;31.23;31.33;29.53;;
18.05.2018;29.76;29.12;30.4;28.85;;
21.05.2018;28.76;30.16;30.41;28.66;;
22.05.2018;28.1;28.73;28.8;27.83;;
23.05.2018;26.84;27.67;28.03;26.84;;
24.05.2018;22.94;23.63;24.14;22.74;;
25.05.2018;22.77;23.54;24.13;22.64;;
28.05.2018;19.56;22.05;22.05;19.51;;
29.05.2018;21.99;20.76;22.39;20.3;;
30.05.2018;21.94;21.25;22.83;20.96;;
01.06.2018;18.67;22.34;22.61;17.05;;
04.06.2018;19.75;19.67;20.38;19.61;;
05.06.2018;19.16;19.74;20.11;19.09;;
06.06.2018;19.05;18.98;19.3;18.6;;
07.06.2018;18.7;18.77;18.97;18.03;;
08.06.2018;17.8;18.58;18.97;17.67;;
11.06.2018;18.18;18.09;18.38;17.71;;
12.06.2018;18.03;18.13;18.37;17.87;;
13.06.2018;17.79;18.06;18.08;17.18;;
14.06.2018;17.78;17.99;18.06;17.56;;
15.06.2018;17.6;17.75;17.77;17.03;;
18.06.2018;17.01;17.34;17.43;17.01;;
19.06.2018;17.65;16.79;18.11;16.71;;
20.06.2018;18.37;18.4;18.68;18;;
21.06.2018;17.45;18.31;18.53;17.33;;
22.06.2018;17.56;17.51;17.94;17.35;;
25.06.2018;17.88;17.67;18;17.36;;
26.06.2018;18.31;18.1;18.32;17.66;;
27.06.2018;18.8;18.38;19.18;18.16;;
28.06.2018;18.69;18.92;19.06;18.5;;
29.06.2018;19.2;18.78;19.31;18.77;;
02.07.2018;19.46;18.88;19.49;18.88;;
03.07.2018;19.53;19.63;19.98;19.45;;
04.07.2018;20.47;19.28;20.56;19.18;;
05.07.2018;19.86;20.57;20.75;19.5;;
06.07.2018;19.99;19.86;20.16;19.64;;
10.07.2018;19.96;20.33;20.52;19.75;;
11.07.2018;19.79;19.69;20.47;19.62;;
12.07.2018;20.37;19.86;20.43;19.84;;
13.07.2018;20.35;20.38;20.44;20.14;;
16.07.2018;20.15;20.3;20.36;19.77;;
17.07.2018;20.82;20.02;20.87;20.02;;
18.07.2018;20.42;20.76;20.91;20.27;;
19.07.2018;20.65;20.22;20.65;20.09;;
20.07.2018;21.18;21.33;21.53;20.97;;
23.07.2018;21.28;21.3;21.4;20.97;;
24.07.2018;21.65;21.43;21.96;21.36;;
25.07.2018;21.93;21.87;21.94;21.53;;
26.07.2018;21.37;21.76;21.84;21.31;;
27.07.2018;21.85;21.41;21.96;21.41;;
30.07.2018;21.81;21.95;22.14;21.52;;
31.07.2018;21.69;21.62;21.85;21.24;;
01.08.2018;21.82;21.56;21.82;21.43;;
02.08.2018;22.18;21.78;22.47;21.71;;
03.08.2018;22.96;22.99;23.57;22.84;;
06.08.2018;23.03;22.97;23.37;22.92;;
07.08.2018;22.95;23.33;23.37;22.66;;
08.08.2018;22.48;22.99;23.21;22.45;;
09.08.2018;22.5;22.59;22.71;22.09;;
10.08.2018;21.91;22.17;22.33;21.78;;
13.08.2018;22.15;21.81;22.25;21.63;;
14.08.2018;22.06;22.43;22.51;21.91;;
15.08.2018;21.18;21.76;21.81;21.18;;
16.08.2018;21.09;21.35;21.44;20.93;;
17.08.2018;20.76;21.08;21.08;20.68;;
20.08.2018;20.81;20.67;20.84;20.47;;
21.08.2018;20.46;20.7;20.97;20.29;;
22.08.2018;21.07;20.3;21.13;20.3;;
23.08.2018;20.78;21.23;21.23;20.69;;
24.08.2018;20.9;21.1;21.28;20.74;;
27.08.2018;21.25;21.08;21.26;20.82;;
28.08.2018;21.05;21.15;21.43;21.02;;
29.08.2018;21.97;21.19;22.16;21.19;;
30.08.2018;21.48;21.89;22.28;21.34;;
31.08.2018;21.88;21.54;22.07;21.54;;
03.09.2018;21.55;21.78;21.78;21.28;;
04.09.2018;21.32;21.62;21.77;21.32;;
05.09.2018;21.53;21.32;21.7;21;;
06.09.2018;21.72;21.83;21.96;21.35;;
10.09.2018;22;22.1;22.44;21.89;;
11.09.2018;21.38;21.55;21.8;21.26;;
12.09.2018;21.96;21.64;22.16;21.51;;
13.09.2018;21.65;22.01;22.1;21.58;;
14.09.2018;21.8;21.69;21.96;21.44;;
17.09.2018;22.26;21.75;22.34;21.65;;
18.09.2018;23.07;22.21;23.11;22.19;;
19.09.2018;22.94;22.79;23.26;22.67;;
20.09.2018;22.78;23.24;23.3;22.66;;
21.09.2018;23.06;23.08;23.27;22.86;;
24.09.2018;22.94;23.09;23.48;22.92;;
25.09.2018;23.06;22.53;23.19;22.53;;
26.09.2018;23.15;23.21;23.37;22.88;;
27.09.2018;24.28;23.26;24.28;23.26;;
28.09.2018;24.01;24.02;24.69;23.85;;
01.10.2018;23.96;24.11;24.34;23.64;;
02.10.2018;25.57;24.92;25.73;24.8;;
03.10.2018;26.24;27.74;28.24;25.98;;
04.10.2018;26.51;26.06;27.05;25.68;;
05.10.2018;26.42;26.85;27.17;26.24;;
08.10.2018;28.92;29.46;29.61;28.08;;
09.10.2018;29.46;28.73;29.54;28.39;;
10.10.2018;28.37;29.08;29.27;28.12;;
11.10.2018;27.84;28.66;28.94;27.62;;
15.10.2018;28.49;28.54;28.79;28.1;;
16.10.2018;29.53;28.86;29.53;28.85;;
17.10.2018;29.33;29.25;29.45;29.02;;
18.10.2018;28.39;29.13;29.23;28.34;;
19.10.2018;28.67;28.91;28.91;28.43;;
22.10.2018;29.45;28.93;29.48;28.77;;
23.10.2018;28.89;28.97;29.15;28.5;;
24.10.2018;28.06;28.98;29.48;28.06;;
25.10.2018;28.65;28.54;29.03;27.97;;
26.10.2018;29.73;28.89;29.73;28.26;;
29.10.2018;28.66;30.81;30.97;28.32;;
30.10.2018;30.24;28.95;30.24;28.63;;
31.10.2018;30.04;30.49;30.72;29.49;;
01.11.2018;29.5;30.1;30.3;29.25;;
05.11.2018;30.37;29.63;30.37;29.5;;
06.11.2018;29.59;29.69;30.66;29.27;;
07.11.2018;28.93;29.31;30.08;28.66;;
08.11.2018;27.98;29.43;29.66;27.98;;
09.11.2018;27.87;27.85;28.24;27.08;;
12.11.2018;27.73;27.91;28.35;27.67;;
13.11.2018;26.46;27.73;27.74;26.2;;
14.11.2018;26.94;26.46;27.1;26.13;;
16.11.2018;27.79;27.25;27.84;27.04;;
19.11.2018;27.77;27.57;28.24;27.28;;
21.11.2018;27.13;26.81;27.25;26.46;;
22.11.2018;27.18;27.38;27.38;26.9;;
23.11.2018;25.93;26.28;26.29;25.3;;
26.11.2018;26.33;26.41;26.63;25.9;;
27.11.2018;27.23;26.29;27.41;26.21;;
28.11.2018;26.89;27.27;27.57;26.4;;
29.11.2018;27.06;26.42;27.2;26.32;;
30.11.2018;27.33;26.73;27.55;26.72;;
03.12.2018;28.11;28.18;28.55;27.9;;
04.12.2018;27.62;28.18;28.57;27.43;;
05.12.2018;27.78;27.61;27.87;27.17;;
06.12.2018;26.62;27.23;27.31;26.28;;
07.12.2018;27.06;26.67;27.77;26.43;;
10.12.2018;25.72;27.06;27.06;25.72;;
11.12.2018;25.56;26.32;26.37;25.3;;
12.12.2018;25.64;26.14;26.18;25.53;;
13.12.2018;25.78;25.47;25.86;25.32;;
14.12.2018;25.59;25.36;25.91;25.35;;
17.12.2018;25.31;25.66;25.87;25.27;;
18.12.2018;24.46;25.3;25.3;24.46;;
19.12.2018;24.06;24.68;25.06;23.75;;
20.12.2018;23.48;24.01;24.21;23.35;;
21.12.2018;23.5;23.46;24.15;23.18;;
26.12.2018;23.93;23;23.93;22.72;;
27.12.2018;23.8;23.91;24.23;23.51;;
28.12.2018;24.73;24.13;24.97;24.12;;
02.01.2019;25.95;24.74;26.24;24.44;;
03.01.2019;26.49;26.08;26.71;25.59;;
04.01.2019;26.79;26.52;26.84;26.36;;
07.01.2019;27.65;26.84;28.34;26.83;;
08.01.2019;27.51;27.9;28.01;27.37;;
09.01.2019;28.06;27.76;28.22;27.76;;
10.01.2019;27.93;27.98;28.02;27.61;;
11.01.2019;27.75;27.84;27.84;27.51;;
14.01.2019;27.65;27.54;27.95;27.37;;
15.01.2019;27.57;27.61;27.95;27.42;;
16.01.2019;27.79;27.56;27.79;27.35;;
17.01.2019;28.02;27.65;28.24;27.51;;
18.01.2019;28.38;28.23;28.53;28.09;;
21.01.2019;28.52;28.17;28.53;27.98;;
22.01.2019;28.09;28.4;28.43;27.92;;
23.01.2019;28.38;28.24;28.6;28.13;;
24.01.2019;28.69;28.38;28.69;28.21;;
28.01.2019;27.67;28.65;28.94;27.58;;
29.01.2019;28.28;27.96;28.63;27.96;;
30.01.2019;28.67;28.63;28.92;28.48;;
31.01.2019;28.77;28.92;29.18;28.75;;
01.02.2019;29.23;28.7;29.26;28.53;;
04.02.2019;29.56;29.03;29.72;28.99;;
05.02.2019;29.75;29.56;29.91;29.31;;
06.02.2019;29.22;29.46;29.68;29.14;;
07.02.2019;28.71;29.33;29.79;28.4;;
08.02.2019;28.5;28.39;28.82;28.12;;
11.02.2019;28.14;28.48;28.51;28;;
12.02.2019;29.15;28.72;29.25;28.72;;
13.02.2019;29.84;29.44;30.01;29.26;;
14.02.2019;30.47;29.86;30.52;29.76;;
15.02.2019;30.23;30.28;30.61;30.08;;
18.02.2019;29.88;30;30.17;29.79;;
19.02.2019;30.44;30.05;30.67;29.97;;
20.02.2019;30.44;30.53;30.91;30.06;;
21.02.2019;30.6;30.62;30.78;30.19;;
22.02.2019;30.43;30.87;30.95;30.17;;
25.02.2019;29.7;30.29;30.38;29.65;;
26.02.2019;29.71;29.75;30.27;29.55;;
27.02.2019;29.86;29.92;30.27;29.62;;
28.02.2019;29.08;28.73;30.43;28.5;;
01.03.2019;28.43;29.13;29.28;28.43;;
06.03.2019;28.71;28.09;28.71;28.09;;
07.03.2019;28.45;28.87;28.87;28.39;;
08.03.2019;28.24;28.09;28.35;27.79;;
11.03.2019;29.83;28.61;29.92;28.26;;
12.03.2019;29.34;29.83;30.05;29.34;;
13.03.2019;30.13;29.47;30.43;29.32;;
14.03.2019;30.47;30.19;30.66;30.19;;
15.03.2019;30.79;30.46;30.94;30.38;;
18.03.2019;31.41;30.83;31.63;30.81;;
19.03.2019;31.91;31.64;32.38;31.53;;
20.03.2019;32.1;31.83;32.81;31.79;;
21.03.2019;31.46;31.84;32.06;30.94;;
22.03.2019;29.96;30.83;31.06;29.96;;
25.03.2019;29.84;29.81;30.34;29.58;;
26.03.2019;31.09;30.19;31.09;30.17;;
27.03.2019;29.65;30.53;30.62;29.65;;
28.03.2019;30.15;29.51;30.35;29.27;;
29.03.2019;30.33;30.51;30.74;30.14;;
01.04.2019;30.06;30.59;30.76;29.92;;
02.04.2019;30.19;30.2;30.44;29.71;;
03.04.2019;29.55;30.31;30.44;29.55;;
04.04.2019;30.53;29.87;30.58;29.46;;
05.04.2019;31.21;30.62;31.31;30.25;;
08.04.2019;31.88;31.33;32.18;31.33;;
09.04.2019;31.6;31.81;31.9;31.3;;
10.04.2019;31.42;32.06;32.13;31.38;;
11.04.2019;31.01;31.34;31.43;30.75;;
12.04.2019;28.36;29.49;29.72;28.25;;
15.04.2019;28.35;29.02;29.02;28.13;;
16.04.2019;29.36;28.43;29.57;28.16;;
17.04.2019;29.39;29.55;29.82;28.83;;
18.04.2019;29.95;29.84;30.37;29.68;;
22.04.2019;30.06;30;30.4;29.84;;
23.04.2019;30.3;30.38;30.66;30.14;;
24.04.2019;29.78;30.3;30.47;29.41;;
25.04.2019;29.85;29.54;30.22;29.51;;
26.04.2019;29.59;29.76;29.87;29.25;;
29.04.2019;29.46;29.97;29.97;29.46;;
30.04.2019;29.17;29.57;29.87;29.06;;
02.05.2019;28.73;28.92;29.03;28.54;;
03.05.2019;28.78;29.07;29.23;28.78;;
06.05.2019;28.76;28.47;28.76;28.31;;
07.05.2019;28.45;28.48;28.59;27.99;;
08.05.2019;29.43;28.51;29.67;28.35;;
09.05.2019;28.59;28.97;29.03;28.45;;
10.05.2019;28.58;28.6;28.65;28.04;;
13.05.2019;27.76;27.96;28.29;27.65;;
14.05.2019;27.77;27.94;28.07;27.65;;
15.05.2019;27.58;27.37;27.64;27.3;;
16.05.2019;27.05;27.43;27.96;27.05;;
17.05.2019;26.84;26.81;27.44;26.71;;
20.05.2019;27.33;26.91;27.37;26.69;;
21.05.2019;28.04;27.51;28.04;27.27;;
22.05.2019;28.11;28.11;28.24;27.59;;
23.05.2019;27.62;27.82;27.89;27.13;;
24.05.2019;27.68;27.92;28.07;27.62;;
27.05.2019;28.08;27.9;28.26;27.87;;
28.05.2019;28.46;27.96;28.46;27.83;;
29.05.2019;28.24;28.2;28.46;27.85;;
30.05.2019;28.19;28.29;28.67;28.03;;
31.05.2019;27.58;27.97;28.32;27.57;;
03.06.2019;28.19;27.85;28.55;27.82;;
04.06.2019;28.36;28.63;28.63;28.12;;
05.06.2019;27.96;28.41;28.5;27.59;;
06.06.2019;28.39;28.34;28.71;27.87;;
07.06.2019;29.17;28.82;29.23;28.5;;
10.06.2019;28.68;29.02;29.17;28.53;;
11.06.2019;29.26;28.81;29.41;28.74;;
12.06.2019;28.83;29.07;29.21;28.6;;
13.06.2019;29.23;29.31;29.5;29.12;;
14.06.2019;29.5;28.97;29.5;28.97;;
17.06.2019;29.46;29.51;29.85;29.24;;
18.06.2019;29.91;29.74;30.02;29.58;;
19.06.2019;30.13;29.8;30.13;29.69;;
21.06.2019;31.06;30.4;31.3;30.4;;
24.06.2019;30.94;31.15;31.27;30.87;;
25.06.2019;30;30.78;30.82;29.88;;
26.06.2019;29.85;29.62;30.21;29.56;;
27.06.2019;29.21;29.57;29.69;28.9;;
28.06.2019;29.33;29.42;29.75;29.03;;
01.07.2019;29.24;29.74;29.95;29.12;;
02.07.2019;28.8;29.18;29.31;28.53;;
03.07.2019;29.09;28.93;29.2;28.75;;
04.07.2019;29.47;29.31;29.67;29.31;;
05.07.2019;29.34;29.33;29.61;29.14;;
08.07.2019;29.91;29.39;29.91;29.32;;
10.07.2019;30.02;30.1;30.27;29.9;;
11.07.2019;30.58;30.12;30.68;30.03;;
12.07.2019;30.78;30.66;30.95;30.53;;
15.07.2019;30.26;30.89;30.89;30.25;;
16.07.2019;29.9;30.18;30.44;29.7;;
17.07.2019;29.7;30.01;30.02;29.56;;
18.07.2019;29.38;29.8;29.8;29.23;;
19.07.2019;29.37;29.4;29.5;29.16;;
22.07.2019;29.41;29.51;29.63;29.23;;
23.07.2019;29.56;29.45;29.68;29.27;;
24.07.2019;29.31;29.6;29.79;29.26;;
25.07.2019;28.79;29.42;29.51;28.65;;
26.07.2019;27.89;28.72;28.72;27.76;;
29.07.2019;28.23;27.89;28.26;27.7;;
30.07.2019;28.04;28.03;28.39;27.91;;
31.07.2019;28.13;28.34;28.35;27.81;;
01.08.2019;27.7;28.38;28.53;27.22;;
02.08.2019;28.54;28.52;29.06;28.23;;
05.08.2019;27.36;27.94;28.02;27.29;;
06.08.2019;27.82;27.76;28.06;27.58;;
07.08.2019;27.55;27.38;27.67;26.83;;
08.08.2019;28.21;28.11;28.21;27.69;;
09.08.2019;27.97;28.18;28.48;27.93;;
12.08.2019;27.21;27.66;27.71;27.14;;
13.08.2019;27.52;27.07;27.83;26.86;;
14.08.2019;26.67;27.07;27.18;26.52;;
15.08.2019;26.08;26.7;26.77;25.89;;
16.08.2019;25.96;26.58;26.63;25.81;;
19.08.2019;26.32;26.36;26.59;26.08;;
20.08.2019;26.07;26.34;26.44;25.9;;
21.08.2019;27.46;26.46;28.01;26.28;;
22.08.2019;27.19;27.57;27.81;27.09;;
23.08.2019;26.34;26.81;27.23;26.22;;
26.08.2019;25.99;26.46;26.66;25.91;;
27.08.2019;26.48;26.34;26.85;26.02;;
28.08.2019;26.67;26.38;26.92;26.38;;
29.08.2019;27.68;26.97;27.68;26.87;;
30.08.2019;27.82;27.72;27.89;27.32;;
02.09.2019;27.53;27.61;27.91;27.53;;
03.09.2019;27.67;27.22;27.8;27.17;;
04.09.2019;28.36;28.09;28.52;28.07;;
05.09.2019;28.54;28.56;28.95;28.48;;
06.09.2019;28.73;28.58;28.96;28.34;;
09.09.2019;29.3;29.02;29.43;28.79;;
10.09.2019;29.53;29.47;29.82;29.18;;
11.09.2019;29;29.72;29.8;28.99;;
12.09.2019;29.36;29.08;29.51;28.79;;
13.09.2019;29.19;29.44;29.66;29.19;;
16.09.2019;30.51;30.66;30.8;30.03;;
17.09.2019;30.04;30.11;30.23;29.52;;
18.09.2019;29.55;29.72;29.87;29.55;;
19.09.2019;29.76;30.21;30.28;29.75;;
20.09.2019;29.84;29.94;29.96;29.6;;
23.09.2019;29.97;29.7;30.15;29.62;;
24.09.2019;29.58;29.94;30.03;29.52;;
25.09.2019;29.62;29.48;29.65;29.09;;
26.09.2019;29.87;29.63;29.98;29.53;;
27.09.2019;29.94;29.82;30.38;29.75;;
30.09.2019;29.67;29.96;29.96;29.67;;
01.10.2019;29.51;29.68;29.93;29.37;;
02.10.2019;28.44;29.15;29.3;28.34;;
03.10.2019;28.66;28.56;28.66;27.79;;
04.10.2019;28.39;28.65;28.79;27.96;;
07.10.2019;27.95;28.18;28.44;27.61;;
08.10.2019;27.77;27.89;28.28;27.75;;
09.10.2019;28.47;28.07;28.64;27.96;;
10.10.2019;28.61;28.49;28.91;28.38;;
11.10.2019;29.03;28.84;29.34;28.82;;
14.10.2019;29.2;29.03;29.26;28.7;;
15.10.2019;29.59;29.23;29.82;29.19;;
16.10.2019;30.01;29.69;30.03;29.35;;
17.10.2019;29.72;29.81;30.08;29.5;;
18.10.2019;29.48;29.83;30.09;29.45;;
21.10.2019;29.87;29.54;29.87;29.5;;
22.10.2019;30.79;29.85;30.95;29.85;;
23.10.2019;30.93;30.72;31.14;30.64;;
24.10.2019;30.32;31.03;31.23;30.15;;
25.10.2019;31.21;31.19;31.77;31.03;;
28.10.2019;31.44;31.2;31.62;31.06;;
29.10.2019;31.73;31.31;31.95;31.16;;
30.10.2019;32.11;31.64;32.11;31.35;;
31.10.2019;32.18;31.89;32.25;31.52;;
01.11.2019;32.22;32.28;32.98;31.78;;
04.11.2019;32.45;32.48;32.93;32.02;;
05.11.2019;32.04;32.45;32.77;31.89;;
06.11.2019;31.9;32.4;33.12;30.33;;
07.11.2019;32.92;32.18;33.09;31.77;;
08.11.2019;32.39;32.41;32.96;32.26;;
11.11.2019;32.62;32.07;32.72;32.04;;
12.11.2019;32.2;32.34;32.96;32.2;;
13.11.2019;32.08;32.2;32.33;31.78;;
14.11.2019;31.4;32.18;32.19;31.28;;
18.11.2019;31.39;31.93;31.93;31.36;;
19.11.2019;30.94;31.54;31.73;30.82;;
21.11.2019;31.76;31.07;31.76;30.9;;
22.11.2019;31.9;31.69;32.25;31.46;;
25.11.2019;31.7;31.83;31.97;31.55;;
26.11.2019;31.08;31.7;31.77;30.82;;
27.11.2019;31.14;31.11;31.43;30.89;;
28.11.2019;31.28;31.19;31.29;30.68;;
29.11.2019;30.89;31.28;31.34;30.75;;
02.12.2019;30.85;31.16;31.31;30.74;;
03.12.2019;30.76;30.97;30.98;30.37;;
04.12.2019;31.14;30.94;31.14;30.77;;
05.12.2019;31.55;31.2;31.93;31.02;;
06.12.2019;31.75;31.69;32.25;31.59;;
09.12.2019;31.91;31.78;32.02;31.5;;
10.12.2019;32.11;31.83;32.13;31.61;;
11.12.2019;32.12;32.24;32.29;31.86;;
12.12.2019;32.55;32.29;32.66;32.06;;
13.12.2019;31.02;32.58;32.58;30.9;;
16.12.2019;30.78;31.17;31.44;30.63;;
17.12.2019;31.21;30.79;31.33;30.79;;
18.12.2019;32.03;31.07;32.08;31.05;;
19.12.2019;31.98;31.82;32.09;31.75;;
20.12.2019;31.62;31.98;31.99;31.42;;
23.12.2019;32.08;31.65;32.08;31.52;;
26.12.2019;32.37;32.08;32.37;32.07;;
27.12.2019;31.85;32.49;32.65;31.85;;
30.12.2019;31.69;32.06;32.27;31.6;;
02.01.2020;32.48;31.99;32.48;31.78;;
03.01.2020;31.68;32.68;32.9;31.68;;
06.01.2020;32.7;31.69;32.79;31.47;;
07.01.2020;32.26;32.67;32.7;32.09;;
08.01.2020;31.73;32.38;32.43;31.48;;
09.01.2020;31.91;31.78;32.04;31.52;;
10.01.2020;31.78;31.94;31.99;31.66;;
13.01.2020;31.77;31.83;31.94;31.58;;
14.01.2020;31.52;31.65;31.82;31.14;;
15.01.2020;30.81;31.29;31.36;30.79;;
16.01.2020;30.91;30.89;31.02;30.63;;
17.01.2020;31.54;30.99;31.54;30.99;;
20.01.2020;31.67;31.39;31.82;31.21;;
21.01.2020;30.71;31.41;31.53;30.71;;
22.01.2020;30.71;30.79;30.9;30.55;;
23.01.2020;30.92;30.5;30.94;29.89;;
24.01.2020;30.8;30.8;31.01;30.23;;
27.01.2020;29.51;29.93;30.02;29.23;;
28.01.2020;30.2;29.89;30.59;29.82;;
29.01.2020;30.06;30.3;30.62;30.01;;
30.01.2020;30.68;29.53;30.68;29.48;;
31.01.2020;30.05;30.23;30.44;29.78;;
03.02.2020;29.71;30.06;30.31;29.71;;
04.02.2020;30.45;30.21;30.93;30.13;;
05.02.2020;30.18;30.96;31.1;30.18;;
06.02.2020;30.99;30.6;31.68;30.25;;
07.02.2020;31.15;30.74;31.58;30.62;;
10.02.2020;31.27;31.15;31.36;30.56;;
11.02.2020;31.69;31.45;31.94;31.26;;
12.02.2020;32.23;32.04;32.36;31.74;;
13.02.2020;31.62;31.83;32.22;31.4;;
14.02.2020;31.31;31.73;31.8;31.18;;
17.02.2020;31.39;31.53;31.62;31.19;;
18.02.2020;31.63;31.02;31.73;30.77;;
19.02.2020;32.25;31.68;32.33;31.59;;
20.02.2020;31.44;32.55;32.68;31.33;;
21.02.2020;30.55;31.2;31.2;30.26;;
26.02.2020;27.51;28.43;28.51;27.4;;
27.02.2020;26.57;27.14;27.76;26.03;;
28.02.2020;26.88;26.35;26.88;25.66;;
02.03.2020;27.82;26.88;28;26.81;;
03.03.2020;27.23;27.76;28.58;26.83;;
04.03.2020;27.94;28.04;28.12;27.34;;
05.03.2020;26.55;27.43;27.7;25.95;;
06.03.2020;23.82;25.43;25.43;23.49;;
09.03.2020;16.75;18.81;19.3;16.28;;
10.03.2020;18.18;19.26;19.56;16.93;;
11.03.2020;16.21;17.31;17.88;15.48;;
12.03.2020;12.79;13.48;13.71;11.52;;
13.03.2020;15.7;15.35;15.7;13;;
16.03.2020;13;13.85;14.53;12.97;;
17.03.2020;12.95;13.53;13.97;12.87;;
18.03.2020;10.94;11.58;12.08;10.4;;
19.03.2020;12.33;10.89;12.92;10.4;;
20.03.2020;12.1;13.02;13.34;11.73;;
23.03.2020;11.51;12.18;12.22;11.31;;
24.03.2020;13.34;12.52;13.61;12.34;;
25.03.2020;14.41;13.32;14.89;13.09;;
26.03.2020;14.46;14.31;15.18;13.78;;
27.03.2020;12.9;13.17;13.71;12.9;;
30.03.2020;13.31;12.77;13.49;12.38;;
31.03.2020;14;13.45;14.6;13.4;;
01.04.2020;14.07;13.47;14.35;13.28;;
02.04.2020;15.28;15.24;16.5;14.77;;
03.04.2020;15.17;16.19;16.22;14.66;;
06.04.2020;15.99;15.89;15.99;15.24;;
07.04.2020;16.4;16.82;17.17;16.28;;
08.04.2020;17.33;16.47;17.68;16.38;;
09.04.2020;16.69;17.85;18.61;16.52;;
13.04.2020;17.13;16.92;17.22;16.48;;
14.04.2020;17.01;17.26;17.52;16.79;;
15.04.2020;16.46;16.19;16.67;16.05;;
16.04.2020;15.97;16.75;16.81;15.7;;
17.04.2020;16.54;16.04;16.6;15.77;;
20.04.2020;16.39;15.82;16.85;15.63;;
22.04.2020;16.98;16.24;16.99;16.19;;
23.04.2020;17.17;17.43;17.7;16.92;;
24.04.2020;15.91;16.93;17.08;15.37;;
27.04.2020;16.63;16.21;16.75;15.81;;
28.04.2020;17.84;17.32;17.84;16.94;;
29.04.2020;18.81;18.33;19.11;18.17;;
30.04.2020;18.47;18.55;18.99;18.25;;
04.05.2020;17.87;17.77;18.13;17.57;;
05.05.2020;18.49;18.34;18.95;18.34;;
06.05.2020;17.76;18.57;18.63;17.72;;
07.05.2020;18.12;18.35;18.55;17.98;;
08.05.2020;19.36;18.52;19.46;18.42;;
11.05.2020;18.84;19.19;19.63;18.8;;
12.05.2020;18.68;19.19;19.38;18.68;;
13.05.2020;17.95;18.77;18.94;17.83;;
14.05.2020;17.52;17.77;17.77;16.93;;
15.05.2020;17.53;17.82;18.61;17.53;;
18.05.2020;19.23;18.57;19.31;18.35;;
19.05.2020;19.11;19.3;19.65;19.04;;
20.05.2020;19.68;19.47;20;19.47;;
21.05.2020;19.75;19.88;20.22;19.47;;
22.05.2020;19.33;19.44;19.58;18.88;;
25.05.2020;20.14;20.26;20.26;20.01;;
26.05.2020;20.35;20.64;20.71;19.99;;
27.05.2020;20.45;20.41;20.57;19.73;;
28.05.2020;20.36;20.29;20.7;20.11;;
29.05.2020;20.63;20.12;20.63;19.86;;
01.06.2020;20.74;20.47;20.94;20.26;;
02.06.2020;21.64;21.1;21.64;20.89;;
03.06.2020;21.84;22.14;22.17;21.74;;
04.06.2020;21.94;21.8;22.4;21.35;;
05.06.2020;22.63;22.77;23.6;22.59;;
08.06.2020;23.12;23.1;23.17;22.53;;
09.06.2020;22.47;22.62;22.71;22.28;;
10.06.2020;21.8;22.65;22.65;21.66;;
12.06.2020;21.03;20.84;21.56;20.5;;
15.06.2020;21.11;20.38;21.57;19.9;;
16.06.2020;21.98;21.96;22.54;21.72;;
17.06.2020;22.03;22.1;22.53;21.78;;
18.06.2020;22.38;21.84;22.48;21.72;;
19.06.2020;22.06;22.76;22.98;21.92;;
22.06.2020;21.65;22.27;22.29;21.6;;
23.06.2020;22.29;21.94;22.84;21.78;;
24.06.2020;21.69;22.18;22.21;21.38;;
25.06.2020;22.15;21.63;22.15;21.37;;
26.06.2020;21.66;21.88;22.2;21.51;;
29.06.2020;22.34;21.86;22.39;21.72;;
30.06.2020;22.12;21.95;22.41;21.63;;
01.07.2020;22.14;22.28;22.75;22.04;;
02.07.2020;22.42;22.52;22.64;22.25;;
03.07.2020;22.28;22.33;22.54;22.26;;
06.07.2020;22.92;22.75;23.3;22.64;;
07.07.2020;22.54;22.73;22.82;22.53;;
08.07.2020;23.09;22.77;23.22;22.72;;
09.07.2020;22.43;23.22;23.31;22.42;;
10.07.2020;22.77;22.56;22.95;22.38;;
13.07.2020;22.63;22.94;23.11;22.63;;
14.07.2020;23.41;22.62;23.59;22.32;;
15.07.2020;23.96;23.73;23.96;23.45;;
16.07.2020;13.21;13.4;13.46;13.06;;
17.07.2020;13.22;13.25;13.38;13.15;;
20.07.2020;13.14;13.21;13.26;13.03;;
21.07.2020;13.41;13.36;13.68;13.31;;
22.07.2020;13.27;13.35;13.45;13.17;;
23.07.2020;13.11;13.32;13.42;13.11;;
24.07.2020;13.17;13.14;13.37;13.01;;
27.07.2020;13.42;13.23;13.46;12.99;;
28.07.2020;13.2;13.32;13.48;13.16;;
29.07.2020;13.45;13.29;13.47;13.24;;
30.07.2020;13.16;13.29;13.34;13;;
31.07.2020;12.81;13.24;13.42;12.75;;
03.08.2020;12.61;12.97;13.03;12.61;;
04.08.2020;12.59;12.49;12.8;12.39;;
05.08.2020;13.41;12.84;13.47;12.81;;
06.08.2020;13.45;13.42;13.64;13.34;;
07.08.2020;13.16;13.3;13.33;13.05;;
10.08.2020;13.6;13.21;13.62;13.07;;
11.08.2020;13.37;13.7;13.89;13.37;;
12.08.2020;13.58;13.55;13.68;13.38;;
13.08.2020;13.18;13.6;13.65;13.1;;
14.08.2020;13.12;13.15;13.29;13.07;;
17.08.2020;13.13;13.11;13.21;12.87;;
18.08.2020;13.33;13.29;13.49;13.19;;
19.08.2020;13.27;13.32;13.56;13.19;;
20.08.2020;13.13;13.08;13.29;12.93;;
21.08.2020;13.03;13.07;13.1;12.89;;
24.08.2020;13.29;13.2;13.39;13.17;;
25.08.2020;13.23;13.37;13.41;13.12;;
26.08.2020;12.85;13.16;13.25;12.76;;
27.08.2020;12.79;12.88;13.01;12.75;;
28.08.2020;13.05;12.84;13.05;12.74;;
31.08.2020;12.6;12.93;12.97;12.6;;
01.09.2020;13.19;12.79;13.22;12.75;;
02.09.2020;13.15;13.23;13.33;12.94;;
03.09.2020;13.15;13.05;13.37;12.98;;
04.09.2020;13.17;13.15;13.26;12.93;;
08.09.2020;12.71;12.92;12.92;12.51;;
09.09.2020;12.99;12.85;13.03;12.81;;
10.09.2020;12.5;12.88;12.91;12.5;;
11.09.2020;12.44;12.45;12.61;12.32;;
14.09.2020;12.32;12.46;12.51;12.15;;
15.09.2020;12.35;12.51;12.51;12.25;;
16.09.2020;12.39;12.46;12.58;12.27;;
17.09.2020;12.67;12.26;12.67;12.25;;
18.09.2020;12.39;12.53;12.64;12.3;;
21.09.2020;12.01;12.21;12.28;11.92;;
22.09.2020;12.01;12.04;12.24;11.94;;
23.09.2020;11.71;12.01;12.12;11.71;;
24.09.2020;11.8;11.73;11.98;11.61;;
25.09.2020;11.67;11.68;11.78;11.52;;
28.09.2020;11.39;11.76;11.88;11.39;;
29.09.2020;11.07;11.37;11.45;11.05;;
30.09.2020;11.16;11.15;11.43;11.15;;
01.10.2020;11.26;11.18;11.34;10.86;;
02.10.2020;10.83;11.18;11.18;10.83;;
05.10.2020;11.36;11.01;11.43;10.93;;
06.10.2020;11.28;11.59;11.74;11.28;;
07.10.2020;11.24;11.34;11.36;11.07;;
08.10.2020;11.62;11.39;11.65;11.27;;
09.10.2020;11.24;11.54;11.56;11.23;;
13.10.2020;11.36;11.28;11.39;11.16;;
14.10.2020;11.3;11.36;11.55;11.3;;
15.10.2020;11.17;11.09;11.2;10.99;;
16.10.2020;10.89;11.18;11.18;10.89;;
19.10.2020;11.01;10.96;11.25;10.88;;
20.10.2020;11.39;11.04;11.46;11.02;;
21.10.2020;11.39;11.38;11.46;11.18;;
22.10.2020;11.75;11.39;11.75;11.31;;
23.10.2020;11.57;11.77;11.89;11.53;;
26.10.2020;11.4;11.45;11.57;11.25;;
27.10.2020;11.21;11.4;11.47;11.17;;
28.10.2020;10.52;10.94;10.97;10.52;;
29.10.2020;10.91;10.46;10.97;10.01;;
30.10.2020;10.73;10.78;11.05;10.69;;
03.11.2020;11.15;11.04;11.24;10.97;;
04.11.2020;11.2;11.32;11.36;10.91;;
05.11.2020;11.26;11.33;11.34;11.15;;
06.11.2020;11.22;11.08;11.28;11.06;;
09.11.2020;12.36;11.86;12.69;11.86;;
10.11.2020;13.34;12.48;13.4;12.42;;
11.11.2020;13.33;13.41;13.45;12.99;;
12.11.2020;12.79;13.18;13.28;12.71;;
13.11.2020;13.09;12.81;13.25;12.77;;
16.11.2020;13.51;13.43;13.73;13.36;;
17.11.2020;13.66;13.35;13.95;13.29;;
18.11.2020;13.68;13.84;14.01;13.67;;
19.11.2020;13.8;13.72;13.91;13.59;;
20.11.2020;13.72;13.8;13.93;13.66;;
23.11.2020;14.38;13.97;14.38;13.97;;
24.11.2020;15.15;14.69;15.31;14.67;;
25.11.2020;15.05;15.08;15.24;14.78;;
26.11.2020;14.82;14.91;14.92;14.65;;
27.11.2020;14.62;14.92;14.96;14.62;;
30.11.2020;14.42;14.51;14.87;14.42;;
01.12.2020;14.85;14.67;14.9;14.63;;
02.12.2020;15.05;14.84;15.38;14.69;;
03.12.2020;15.35;15.17;15.6;15.07;;
04.12.2020;15.86;15.64;15.97;15.64;;
07.12.2020;15.51;15.81;15.94;15.39;;
08.12.2020;15.37;15.42;15.66;15.33;;
09.12.2020;15.39;15.37;15.53;15.22;;
10.12.2020;15.95;15.51;16.21;15.47;;
11.12.2020;15.81;15.84;15.92;15.63;;
14.12.2020;15.74;16.07;16.13;15.69;;
15.12.2020;15.95;15.87;16.04;15.73;;
16.12.2020;16.12;15.96;16.27;15.77;;
17.12.2020;16.33;16.16;16.39;16.11;;
18.12.2020;16.16;16.25;16.39;16.12;;
21.12.2020;15.56;15.61;15.8;15.45;;
22.12.2020;15.72;15.67;15.86;15.57;;
23.12.2020;16.05;15.79;16.33;15.79;;
28.12.2020;16.17;16.26;16.44;16.16;;
29.12.2020;16.18;16.26;16.34;16.04;;
30.12.2020;16.29;16.29;16.42;16.23;;
04.01.2021;16.65;16.45;16.79;16.38;;
05.01.2021;17.16;16.63;17.27;16.33;;
06.01.2021;17.33;17.22;17.64;17.21;;
07.01.2021;17.87;17.45;17.92;17.45;;
08.01.2021;17.83;18;18.26;17.52;;
11.01.2021;17.66;17.57;17.84;17.49;;
12.01.2021;17.6;17.88;18.05;17.53;;
13.01.2021;16.79;17.6;17.66;16.65;;
14.01.2021;16.86;16.81;16.96;16.53;;
15.01.2021;16.26;16.64;16.66;16.17;;
18.01.2021;16.23;16.31;16.64;16.23;;
19.01.2021;16.44;16.47;16.51;16.03;;
20.01.2021;16.16;16.57;16.69;16.14;;
21.01.2021;15.86;16.11;16.33;15.82;;
22.01.2021;15.65;15.52;15.76;15.33;;
26.01.2021;15.58;15.72;16.05;15.53;;
27.01.2021;15.79;15.41;16.18;15.29;;
28.01.2021;16.14;15.72;16.35;15.72;;
29.01.2021;15.43;15.94;16.01;15.43;;
01.02.2021;15.87;15.7;15.99;15.51;;
02.02.2021;16.42;16.31;16.83;16.2;;
03.02.2021;16.54;16.57;16.7;16.41;;
04.02.2021;16.52;16.53;16.62;16.23;;
05.02.2021;16.75;16.55;17.34;16.38;;
08.02.2021;16.06;16.47;16.84;15.89;;
09.02.2021;15.64;16.02;16.23;15.63;;
10.02.2021;15.83;15.79;15.97;15.44;;
11.02.2021;15.98;15.98;16.18;15.87;;
12.02.2021;16.09;15.98;16.14;15.74;;
17.02.2021;16.75;16.11;16.77;15.96;;
18.02.2021;16.61;17.22;17.47;16.49;;
19.02.2021;15.3;15.95;16.07;15.21;;
22.02.2021;12.16;12.7;12.85;12.05;;
23.02.2021;13.25;12.98;13.42;12.76;;
24.02.2021;13.42;13.57;13.78;13.22;;
25.02.2021;12.9;13.83;14.01;12.82;;
26.02.2021;12.5;12.91;13.02;12.4;;
01.03.2021;12.42;12.79;12.93;12.41;;
02.03.2021;12.37;12.36;12.55;11.71;;
03.03.2021;11.84;12.25;12.36;11.63;;
04.03.2021;12.35;11.92;12.49;11.81;;
05.03.2021;12.45;12.5;12.87;12.3;;
08.03.2021;11.85;12.25;12.41;11.78;;
09.03.2021;12.07;11.93;12.36;11.73;;
10.03.2021;12.58;12.24;12.58;12.12;;
11.03.2021;12.96;12.7;13.07;12.67;;
12.03.2021;12.81;12.88;13.03;12.7;;
15.03.2021;13.13;12.84;13.13;12.78;;
16.03.2021;12.93;13.06;13.11;12.85;;
17.03.2021;13.34;12.92;13.41;12.79;;
18.03.2021;12.97;13.21;13.28;12.85;;
19.03.2021;13.28;12.97;13.33;12.86;;
22.03.2021;13.03;13.11;13.16;12.85;;
23.03.2021;12.73;12.88;13.12;12.73;;
24.03.2021;12.72;12.85;13.16;12.72;;
25.03.2021;12.96;12.63;13.05;12.41;;
26.03.2021;13.15;13.1;13.42;12.96;;
29.03.2021;13.35;13.03;13.36;13.03;;
30.03.2021;13.31;13.19;13.45;13.19;;
31.03.2021;13.51;13.32;13.62;13.29;;
01.04.2021;13.33;13.62;13.65;13.25;;
05.04.2021;13.47;13.44;13.52;13.28;;
06.04.2021;13.37;13.49;13.63;13.32;;
07.04.2021;13.44;13.32;13.58;13.31;;
08.04.2021;13.21;13.42;13.44;13.1;;
09.04.2021;13.27;13.06;13.33;13.03;;
12.04.2021;13.4;13.32;13.68;13.32;;
13.04.2021;13.4;13.41;13.51;13.28;;
14.04.2021;13.62;13.47;13.79;13.36;;
15.04.2021;13.37;13.72;13.78;13.34;;
16.04.2021;13.22;13.31;13.5;13.09;;
19.04.2021;13.88;13.22;14.17;13.12;;
20.04.2021;13.54;13.89;14.01;13.49;;
22.04.2021;13.54;13.72;13.74;13.49;;
23.04.2021;13.58;13.63;13.66;13.43;;
26.04.2021;13.6;13.63;13.76;13.53;;
27.04.2021;13.27;13.63;13.8;13.2;;
28.04.2021;13.74;13.4;13.78;13.38;;
29.04.2021;13.47;13.82;13.95;13.34;;
30.04.2021;13.48;13.36;13.66;13.29;;
03.05.2021;13.43;13.52;13.57;13.29;;
04.05.2021;13.12;13.46;13.57;13.12;;
05.05.2021;13.66;13.28;13.75;13.23;;
06.05.2021;13.46;13.57;13.68;13.42;;
07.05.2021;13.96;13.55;13.96;13.44;;
10.05.2021;14.14;14.13;14.27;14.02;;
11.05.2021;14.33;13.95;14.36;13.91;;
12.05.2021;14.15;14.22;14.51;14.14;;
13.05.2021;14.3;14.2;14.34;13.98;;
14.05.2021;14.96;14.71;15.01;14.61;;
17.05.2021;15.14;14.95;15.14;14.91;;
18.05.2021;14.94;15.14;15.2;14.87;;
19.05.2021;14.89;14.7;14.93;14.64;;
20.05.2021;14.69;14.87;14.93;14.59;;
21.05.2021;14.83;14.75;14.9;14.73;;
24.05.2021;14.99;14.99;15.03;14.76;;
25.05.2021;14.72;15;15.07;14.66;;
26.05.2021;14.85;14.75;14.86;14.6;;
27.05.2021;14.73;14.8;14.94;14.62;;
28.05.2021;15.59;14.88;15.62;14.88;;
31.05.2021;15.55;15.59;15.67;15.42;;
01.06.2021;15.89;15.87;16.04;15.62;;
02.06.2021;16.68;15.93;16.68;15.9;;
04.06.2021;16.88;16.68;17.09;16.54;;
07.06.2021;16.76;16.9;17;16.62;;
08.06.2021;17.16;16.63;17.25;16.6;;
09.06.2021;17.22;17.18;17.47;17.1;;
10.06.2021;17.23;17.28;17.44;17.15;;
11.06.2021;17.1;17.26;17.33;16.96;;
14.06.2021;17.07;17.28;17.5;16.99;;
15.06.2021;17.2;17.18;17.26;16.97;;
16.06.2021;17.26;17.27;17.38;16.99;;
17.06.2021;16.72;17.21;17.3;16.56;;
18.06.2021;16.77;16.61;16.78;16.4;;
21.06.2021;17.12;16.82;17.19;16.8;;
22.06.2021;17.14;17.11;17.26;16.86;;
23.06.2021;17.18;17.2;17.44;17.03;;
24.06.2021;17.44;17.38;17.51;17.17;;
25.06.2021;17.16;17.46;17.6;17.1;;
28.06.2021;17.09;17.21;17.25;16.93;;
29.06.2021;17.32;17.11;17.37;16.92;;
30.06.2021;17.68;17.27;17.79;17.2;;
01.07.2021;17.37;17.82;18;17.26;;
02.07.2021;17.52;17.57;17.57;17.16;;
05.07.2021;17.33;17.34;17.49;17.05;;
06.07.2021;16.68;17.16;17.3;16.68;;
07.07.2021;16.77;16.92;16.92;16.5;;
08.07.2021;16.43;16.4;16.67;16.34;;
12.07.2021;16.6;16.57;16.69;16.34;;
13.07.2021;16.67;16.53;16.74;16.36;;
14.07.2021;16.56;16.84;16.92;16.45;;
15.07.2021;16.16;16.5;16.57;16.1;;
16.07.2021;15.86;16.28;16.32;15.75;;
19.07.2021;15.67;15.43;15.71;15.36;;
20.07.2021;15.93;15.54;16.09;15.39;;
21.07.2021;16.18;16.02;16.34;15.9;;
22.07.2021;16.21;16.19;16.31;15.98;;
23.07.2021;15.99;16.28;16.29;15.91;;
26.07.2021;16.31;15.95;16.36;15.93;;
27.07.2021;16.24;16.29;16.33;16.07;;
28.07.2021;16.54;16.36;16.6;16.16;;
29.07.2021;16.47;16.53;16.58;16.34;;
30.07.2021;16.05;16.36;16.49;16.04;;
02.08.2021;15.9;16.13;16.47;15.9;;
03.08.2021;16.16;15.93;16.16;15.56;;
04.08.2021;15.58;16.07;16.1;15.43;;
05.08.2021;17.08;16.96;17.45;16.65;;
06.08.2021;16.99;17.08;17.15;16.81;;
09.08.2021;16.83;16.81;16.89;16.54;;
10.08.2021;16.84;16.95;17.21;16.82;;
11.08.2021;17.1;16.81;17.27;16.7;;
12.08.2021;17.19;17.16;17.36;17.02;;
13.08.2021;17.46;17.2;17.54;17.14;;
16.08.2021;17.13;17.38;17.38;16.88;;
17.08.2021;17.13;16.92;17.57;16.88;;
18.08.2021;16.93;17.18;17.34;16.91;;
19.08.2021;16.77;16.68;16.93;16.58;;
20.08.2021;16.76;16.67;16.77;16.43;;
23.08.2021;17.32;16.99;17.33;16.86;;
24.08.2021;17.52;17.43;17.52;17.32;;
25.08.2021;17.57;17.47;17.58;17.35;;
26.08.2021;17.42;17.39;17.69;17.39;;
27.08.2021;17.95;17.54;17.97;17.52;;
30.08.2021;17.73;17.83;18.07;17.7;;
31.08.2021;17.24;17.73;17.77;17.12;;
01.09.2021;17.15;17.35;17.36;16.74;;
02.09.2021;16.85;17.04;17.44;16.85;;
03.09.2021;16.86;16.9;16.96;16.66;;
06.09.2021;16.9;16.77;17.03;16.69;;
08.09.2021;15.96;16.82;16.83;15.91;;
09.09.2021;16.11;16.16;16.39;15.48;;
10.09.2021;16.1;16.45;16.52;16.07;;
13.09.2021;16.6;16.45;16.71;16.26;;
14.09.2021;16.47;16.39;16.6;16.28;;
15.09.2021;16.65;16.52;16.86;16.44;;
16.09.2021;16.5;16.59;16.63;16.2;;
17.09.2021;15.74;16.43;16.48;15.74;;
20.09.2021;15.58;15.34;15.58;15.13;;
21.09.2021;15.82;15.73;15.95;15.53;;
22.09.2021;16.34;16.02;16.51;16.02;;
23.09.2021;17.02;16.34;17.02;16.34;;
24.09.2021;17.02;16.89;17.19;16.76;;
27.09.2021;17.28;17.1;17.52;16.89;;
28.09.2021;17.13;17.25;17.8;17.05;;
29.09.2021;17.39;17.29;17.53;17.01;;
30.09.2021;17.38;17.49;17.55;17.22;;
01.10.2021;17.71;17.28;17.76;17.22;;
04.10.2021;18.14;17.54;18.18;17.52;;
05.10.2021;18.44;18.21;18.6;18.21;;
06.10.2021;17.99;18.26;18.37;17.91;;
07.10.2021;18.03;17.97;18.21;17.76;;
08.10.2021;18.39;18.18;18.66;18.14;;
11.10.2021;18.38;18.62;18.83;18.34;;
13.10.2021;18.71;18.31;18.82;18.24;;
14.10.2021;18.68;18.76;19.07;18.55;;
15.10.2021;18.62;18.65;18.76;18.52;;
18.10.2021;18.65;18.46;18.8;18.28;;
19.10.2021;17.83;18.4;18.52;17.72;;
20.10.2021;18.13;17.96;18.36;17.78;;
21.10.2021;17.57;17.78;18.02;17.24;;
22.10.2021;17.23;17.35;17.51;16.56;;
25.10.2021;18.28;17.54;18.38;17.51;;
26.10.2021;18.07;18.03;18.45;17.97;;
27.10.2021;18.1;18.15;18.28;17.95;;
28.10.2021;18.27;17.92;18.37;17.79;;
29.10.2021;17.08;18.15;18.15;16.95;;
01.11.2021;17.72;17.43;17.96;17.34;;
03.11.2021;16.97;17.5;17.58;16.97;;
04.11.2021;16.47;17.07;17.16;16.39;;
05.11.2021;16.48;16.66;16.83;16.41;;
08.11.2021;16.75;16.41;17.03;16.4;;
09.11.2021;17.01;16.74;17.24;16.74;;
10.11.2021;16.87;16.92;17.21;16.74;;
11.11.2021;16.87;17.12;17.12;16.79;;
12.11.2021;17.18;16.81;17.2;16.62;;
16.11.2021;17.44;17.39;17.6;17.03;;
17.11.2021;17.03;17.47;17.52;16.97;;
18.11.2021;17.02;17.08;17.17;16.69;;
19.11.2021;16.79;16.79;16.9;16.52;;
22.11.2021;16.94;16.94;17.41;16.87;;
23.11.2021;17.74;17.04;17.84;17.01;;
24.11.2021;18.08;17.61;18.08;17.53;;
25.11.2021;18.83;18.34;18.95;18.21;;
26.11.2021;18.01;18.12;18.47;17.74;;
29.11.2021;18.62;18.53;18.84;18.16;;
30.11.2021;18.61;18.52;18.7;18.25;;
01.12.2021;18.74;18.81;19.3;18.72;;
02.12.2021;20.41;19.17;20.47;18.6;;
03.12.2021;20.79;20.38;20.83;20.23;;
06.12.2021;20.99;20.8;21.23;20.8;;
07.12.2021;21.57;21.24;21.66;21.08;;
08.12.2021;21.49;21.64;22.08;21.49;;
09.12.2021;21.49;21.26;21.63;21.02;;
10.12.2021;21.77;21.63;22.14;21.63;;
13.12.2021;21.75;21.71;22.07;21.46;;
14.12.2021;21.45;21.99;21.99;21.39;;
15.12.2021;21.38;21.41;21.5;21.06;;
16.12.2021;21.82;21.57;22.15;21.52;;
17.12.2021;21.29;21.57;21.77;21.14;;
20.12.2021;20.88;20.7;21.02;20.36;;
21.12.2021;20.98;21.1;21.32;20.94;;
22.12.2021;20.9;20.99;21.09;20.74;;
23.12.2021;21.05;20.99;21.21;20.87;;
27.12.2021;21.46;21.05;21.59;20.91;;
28.12.2021;21.48;21.62;21.76;21.44;;
29.12.2021;21.4;21.44;21.67;21.26;;
30.12.2021;21.23;21.4;21.53;21.12;;
03.01.2022;21.8;21.32;21.9;21.27;;
04.01.2022;22.07;21.83;22.26;21.63;;
05.01.2022;21.17;22.13;22.17;21.13;;
06.01.2022;21.15;21.26;21.73;21.06;;
07.01.2022;21.32;21.27;21.43;21.11;;
10.01.2022;21.24;21.23;21.48;21.01;;
11.01.2022;22.12;21.33;22.19;21.19;;
12.01.2022;22.85;22.25;22.99;22.23;;
13.01.2022;23.41;22.71;23.82;22.7;;
14.01.2022;23.9;23.56;24.02;23.25;;
17.01.2022;23.82;23.8;24.16;23.7;;
18.01.2022;23.9;23.88;24.15;23.38;;
19.01.2022;23.68;24.07;24.31;23.68;;
20.01.2022;23.84;23.86;24.09;23.52;;
21.01.2022;23.92;23.68;24.08;23.64;;
24.01.2022;23.96;23.82;24.26;23.07;;
25.01.2022;24.75;23.77;24.91;23.59;;
26.01.2022;25.48;24.89;25.86;24.89;;
27.01.2022;25.58;25.7;26.04;25.28;;
28.01.2022;24.82;25.48;26.14;24.53;;
31.01.2022;24.39;24.93;25.01;24.22;;
01.02.2022;25.11;24.31;25.21;24.01;;
02.02.2022;24.66;25.31;25.32;24.48;;
03.02.2022;24.4;24.53;24.53;23.98;;
04.02.2022;24.83;24.55;25.29;24.29;;
07.02.2022;24.53;24.8;24.86;24.43;;
08.02.2022;24.18;24.36;24.41;23.8;;
09.02.2022;24.2;24.22;24.82;24.01;;
10.02.2022;24.62;24.33;24.96;24.24;;
11.02.2022;25.72;24.77;25.76;24.6;;
14.02.2022;25.06;25.72;25.85;24.89;;
15.02.2022;24.54;24.89;24.93;24.16;;
16.02.2022;25.08;24.72;25.63;24.72;;
17.02.2022;24.96;24.99;25.29;24.75;;
18.02.2022;24.8;24.82;25.02;24.45;;
21.02.2022;25.47;24.81;25.64;24.81;;
22.02.2022;25.08;25.74;26.03;24.75;;
23.02.2022;25.09;25.22;25.45;24.92;;
24.02.2022;24.69;25.58;26.03;24.16;;
25.02.2022;25.15;24.62;25.22;24.35;;
02.03.2022;25.94;26.26;26.33;25.69;;
03.03.2022;25.74;25.99;26.2;25.38;;
04.03.2022;25.56;25.69;26;25.09;;
07.03.2022;23.61;25.86;25.93;23.34;;
08.03.2022;23.99;23.73;24.57;23.19;;
09.03.2022;23.98;24.13;24.28;23.46;;
10.03.2022;24.65;25.02;25.28;24.06;;
11.03.2022;24.07;24.71;24.98;23.92;;
14.03.2022;23.77;24.07;24.31;23.32;;
15.03.2022;23.32;23.34;23.52;22.64;;
16.03.2022;23.34;23.39;23.57;22.94;;
17.03.2022;22.73;23.53;23.73;22.13;;
18.03.2022;22.93;22.63;23.2;22.56;;
21.03.2022;23.7;22.97;23.88;22.94;;
22.03.2022;23.54;23.85;23.94;23.25;;
23.03.2022;23.77;23.65;24.23;23.46;;
24.03.2022;24.18;23.75;24.31;23.54;;
25.03.2022;24.2;24.09;24.42;23.85;;
28.03.2022;23.57;24.04;24.04;23.27;;
29.03.2022;23.86;23.61;24.15;23.44;;
30.03.2022;24.28;24.06;24.34;23.82;;
31.03.2022;24.37;23.94;24.6;23.92;;
01.04.2022;24.36;24.53;24.74;24.22;;
04.04.2022;24.11;24.18;24.2;23.77;;
05.04.2022;24.08;24.13;24.54;24.04;;
06.04.2022;24.16;24.15;24.45;23.86;;
07.04.2022;25.37;24.2;25.43;24.17;;
08.04.2022;25.65;25.28;25.76;25.16;;
11.04.2022;25.31;25.38;25.52;25.15;;
12.04.2022;25.34;25.63;25.83;25.23;;
13.04.2022;25.96;25.65;26.09;25.59;;
14.04.2022;26.01;25.82;26.31;25.53;;
18.04.2022;25.54;25.81;26.08;25.42;;
19.04.2022;25.98;25.78;26.25;25.71;;
20.04.2022;26.29;25.94;26.33;25.74;;
22.04.2022;24.98;25.81;25.97;24.86;;
25.04.2022;24.81;24.63;25.06;24.27;;
26.04.2022;24.77;24.75;25.28;24.66;;
27.04.2022;24.84;25.08;25.26;24.72;;
28.04.2022;25.02;24.93;25.3;24.93;;
29.04.2022;25.03;25.47;26.2;25.03;;
02.05.2022;24.58;25.08;25.15;24.06;;
03.05.2022;24.75;24.78;25.02;24.48;;
04.05.2022;25.91;25;25.91;24.73;;
05.05.2022;25.74;25.82;26.2;24.96;;
06.05.2022;26.71;26.35;26.86;25.7;;
09.05.2022;25.64;26.45;26.59;25.54;;
10.05.2022;25.97;25.9;26.2;25.56;;
11.05.2022;27.28;26.22;27.59;26.18;;
12.05.2022;27.38;27.34;27.51;26.71;;
13.05.2022;27.42;27.49;27.84;27.4;;
16.05.2022;28.19;27.5;28.35;27.4;;
17.05.2022;28.21;28.44;28.47;27.83;;
18.05.2022;27.58;28.08;28.47;27.35;;
19.05.2022;27.81;27.58;27.99;27.29;;
20.05.2022;28.2;28.07;28.36;27.67;;
23.05.2022;29.24;28.4;29.4;28.32;;
24.05.2022;28.46;28.13;28.8;27.89;;
25.05.2022;29.03;28.48;29.19;28.21;;
26.05.2022;29.13;29.01;29.45;28.91;;
27.05.2022;27.91;29.08;29.08;27.84;;
30.05.2022;27.31;28.13;28.13;26.51;;
31.05.2022;27.51;27.68;27.93;27.22;;
01.06.2022;27.49;27.36;27.73;27.28;;
02.06.2022;27.23;27.46;27.56;27.09;;
03.06.2022;27.93;27.22;28.05;27.02;;
06.06.2022;27.91;28.03;28.22;27.61;;
07.06.2022;28.01;27.75;28.65;27.75;;
08.06.2022;27.9;27.91;28.32;27.76;;
09.06.2022;27.57;27.91;28.03;27.48;;
10.06.2022;27.22;27.39;27.43;26.77;;
13.06.2022;26.81;26.83;27.12;26.23;;
14.06.2022;27.05;26.97;27.54;26.78;;
15.06.2022;26.69;27.38;27.45;26.43;;
17.06.2022;24.76;25.73;25.98;23.86;;
20.06.2022;24.97;23.82;25.38;23.63;;
21.06.2022;24.71;25.35;25.45;24.52;;
22.06.2022;24.59;24.29;25.08;24.02;;
23.06.2022;24.07;24.63;24.98;23.82;;
24.06.2022;23.91;24.41;24.54;23.85;;
27.06.2022;25.53;24.15;25.68;24.15;;
28.06.2022;25.9;26.21;26.35;25.72;;
29.06.2022;25.54;26.13;26.39;25.42;;
30.06.2022;25.26;25.11;25.44;24.91;;
01.07.2022;25.73;25.31;25.98;24.82;;
04.07.2022;26.35;25.78;26.58;25.74;;
05.07.2022;25.22;26.06;26.06;24.68;;
06.07.2022;24.84;25.46;25.49;24.22;;
07.07.2022;25.58;25.38;25.82;25.32;;
08.07.2022;25.81;25.75;26.13;25.61;;
11.07.2022;25.79;25.46;25.89;25.33;;
12.07.2022;25.29;25.64;25.64;25.12;;
13.07.2022;25.4;25.15;25.65;25.08;;
14.07.2022;24.58;25.08;25.11;24.46;;
15.07.2022;25.07;24.68;25.18;24.59;;
18.07.2022;25.91;25.41;25.97;25.41;;
19.07.2022;26.2;25.91;26.31;25.68;;
20.07.2022;26.42;26.02;26.42;26.01;;
21.07.2022;26.13;26.32;26.38;25.31;;
22.07.2022;26.41;26.1;26.56;26.02;;
25.07.2022;27.55;26.93;27.64;26.75;;
26.07.2022;27.95;27.69;28.3;27.6;;
27.07.2022;28.13;28.13;28.18;27.46;;
28.07.2022;28.73;28.31;29.07;28.06;;
29.07.2022;30.57;29.84;30.92;29.32;;
01.08.2022;30.19;30.56;30.57;29.86;;
02.08.2022;30.21;30.18;30.78;30.04;;
03.08.2022;30.04;30.47;30.61;30.01;;
04.08.2022;30.51;30.16;30.65;29.66;;
05.08.2022;31.04;30.36;31.19;30.35;;
08.08.2022;32.53;31.12;32.59;31.12;;
09.08.2022;32.96;32.87;33.17;32.63;;
10.08.2022;32.85;33.3;33.3;32.48;;
11.08.2022;32.23;33.24;33.51;32.15;;
12.08.2022;34.88;31.94;34.9;31.36;;
15.08.2022;34.76;33.89;35.27;33.42;;
16.08.2022;35.16;34.81;35.39;34.69;;
17.08.2022;36.33;34.95;36.38;34.82;;
18.08.2022;36.81;36.6;37.23;36.47;;
19.08.2022;35.31;36.3;36.55;35.07;;
22.08.2022;35.87;35.07;36.11;34.16;;
23.08.2022;37.22;36;37.32;35.89;;
24.08.2022;37.47;37.42;37.93;36.8;;
25.08.2022;37.09;37.87;38.3;36.31;;
26.08.2022;37.46;37.21;37.46;36.37;;
29.08.2022;38.27;37.62;38.76;37.51;;
30.08.2022;36.11;37.7;37.82;35.95;;
31.08.2022;37.17;36;37.46;35.44;;
01.09.2022;37.84;37.4;37.9;36.65;;
02.09.2022;37.29;38.35;38.71;37.17;;
05.09.2022;37.21;37.8;37.96;37.07;;
06.09.2022;35.9;36.16;36.47;35.34;;
08.09.2022;35.54;36.12;36.54;35.21;;
09.09.2022;35.48;36.22;36.45;35.45;;
12.09.2022;35.27;35.9;36.5;35.27;;
13.09.2022;34.26;34.8;35.31;34.09;;
14.09.2022;34.68;34.32;35.19;34.2;;
15.09.2022;34.6;34.36;34.88;34.35;;
16.09.2022;34.41;34.17;34.58;34;;
19.09.2022;34.82;33.85;35.02;33.85;;
20.09.2022;34.76;35.19;35.38;34.55;;
21.09.2022;34.69;35.05;35.28;34.47;;
22.09.2022;35.4;35.11;35.56;34.75;;
23.09.2022;32.9;34.71;34.81;32.74;;
26.09.2022;32.64;32.8;33.21;32.4;;
27.09.2022;32.87;33.29;33.36;32.7;;
28.09.2022;32.64;32.87;33;31.89;;
29.09.2022;32.67;32.31;32.88;32.05;;
30.09.2022;33.08;32.51;33.7;32.4;;
03.10.2022;36.01;35.36;36.2;35.22;;
04.10.2022;35.3;36.8;36.82;35.15;;
05.10.2022;36.55;35.5;36.79;35.3;;
06.10.2022;37.63;36.96;37.73;36.6;;
07.10.2022;37.44;37.53;38.41;37.19;;
10.10.2022;37.1;37.6;37.81;36.88;;
11.10.2022;36.74;36.66;37.28;36.3;;
13.10.2022;37.89;36.25;38.52;36.09;;
14.10.2022;37.15;37.85;37.92;37.1;;
17.10.2022;36.91;37.14;37.6;36.46;;
18.10.2022;37.74;37.25;37.74;36.65;;
19.10.2022;39.14;37.8;39.28;37.66;;
20.10.2022;40.19;39.66;40.29;39.43;;
21.10.2022;41.56;40.43;42.08;40.13;;
24.10.2022;37.45;40.35;40.62;37.36;;
25.10.2022;36.89;37.41;37.72;36.52;;
26.10.2022;36.22;36.55;36.93;35.19;;
27.10.2022;36.33;36.57;36.88;35.99;;
28.10.2022;35.78;35.93;36.22;35.24;;
31.10.2022;33.26;33.31;34.64;32.52;;
01.11.2022;33.37;33.54;33.9;33.08;;
03.11.2022;33.46;33.07;33.85;32.72;;
04.11.2022;31.71;34.2;34.33;31.4;;
07.11.2022;30.63;31.39;31.9;30.45;;
08.11.2022;30.63;30.38;30.9;29.99;;
09.11.2022;30.06;30.52;31.18;30;;
10.11.2022;29.69;29.31;30.24;28.92;;
11.11.2022;30.7;29.61;31.16;29.28;;
14.11.2022;31.55;31.07;32.02;30.96;;
16.11.2022;31.2;31.75;31.98;30.88;;
17.11.2022;30.96;31.2;31.29;30.47;;
18.11.2022;30.39;31.16;31.39;30.04;;
21.11.2022;26.93;27.52;27.83;26.26;;
22.11.2022;27.06;26.72;27.06;25.53;;
23.11.2022;27.07;26.61;27.41;26.48;;
24.11.2022;28.12;27.1;28.41;26.94;;
25.11.2022;27.49;28.08;28.08;27.22;;
28.11.2022;28.17;27.38;28.37;27.22;;
29.11.2022;29.38;28.4;29.96;28.26;;
30.11.2022;30.39;29.55;30.48;29.5;;
01.12.2022;29.25;30.22;30.55;29.25;;
02.12.2022;29.63;29.24;30.45;29.02;;
05.12.2022;29.23;29.7;30.39;29.17;;
06.12.2022;29.18;29.5;30;28.96;;
07.12.2022;28.74;29.17;29.59;28.72;;
08.12.2022;28.12;28.74;29.31;27.95;;
09.12.2022;28.06;28.24;28.71;27.8;;
12.12.2022;27.3;28;28.08;26.61;;
13.12.2022;26.93;27.46;27.72;26.88;;
14.12.2022;24.29;26.23;26.36;23.61;;
15.12.2022;24.91;23.8;25.44;23.71;;
16.12.2022;24.98;24.86;25.05;24.32;;
19.12.2022;25.55;24.9;25.64;24.69;;
20.12.2022;26.17;25.53;26.34;25.42;;
21.12.2022;26.86;26.56;26.86;25.91;;
22.12.2022;27.17;27.1;27.72;26.68;;
23.12.2022;28.56;27.39;28.6;27.31;;
26.12.2022;28.47;28.46;28.64;28.12;;
27.12.2022;28.66;28.7;28.75;28.01;;
28.12.2022;28.5;28.69;29;28.37;;
29.12.2022;28.04;28.68;28.73;27.98;;
02.01.2023;26.17;26.85;27.3;25.96;;
03.01.2023;25.8;26.36;26.55;25.48;;
04.01.2023;26.23;25.74;26.9;25.3;;
05.01.2023;27.08;26.57;27.34;26.45;;
06.01.2023;26.91;27.15;27.73;26.82;;
09.01.2023;27.09;26.84;27.31;26.6;;
10.01.2023;27.25;27.07;27.29;26.47;;
11.01.2023;27.6;27.25;27.83;27.19;;
12.01.2023;27.75;27.69;27.83;27.21;;
13.01.2023;27.69;27.55;27.86;27.35;;
16.01.2023;27;27.47;27.64;26.75;;
17.01.2023;28.9;27.15;28.92;27.15;;
18.01.2023;28.53;29.29;29.48;28.4;;
19.01.2023;29.5;28.35;29.54;28.31;;
20.01.2023;29.83;29.45;29.94;28.89;;
23.01.2023;30.52;29.88;31.22;29.65;;
24.01.2023;30.29;30.78;31.49;30.01;;
25.01.2023;30.42;30.28;30.47;29.36;;
26.01.2023;29.57;30.42;30.57;28.92;;
27.01.2023;28.9;29.58;29.59;28.7;;
30.01.2023;28.99;29.24;29.32;28.66;;
31.01.2023;29.46;28.99;29.54;28.73;;
01.02.2023;28.88;29.46;29.87;28.59;;
02.02.2023;27.51;28.8;28.97;27.36;;
03.02.2023;27.84;27.5;28.43;27.39;;
06.02.2023;28.85;27.85;29.02;27.85;;
07.02.2023;28.7;28.95;29.25;28.42;;
08.02.2023;29.28;28.91;29.35;28.73;;
09.02.2023;29.28;29.26;29.56;29.08;;
10.02.2023;30.08;29.27;30.25;29.27;;
13.02.2023;30.23;30;30.35;29.62;;
14.02.2023;30.05;30.23;30.44;29.98;;
15.02.2023;30.18;29.83;30.4;29.71;;
16.02.2023;30.15;30;30.48;30;;
17.02.2023;29.69;30.12;30.13;29.69;;
22.02.2023;28.95;29.09;29.43;28.95;;
23.02.2023;30.03;28.95;30.32;28.95;;
24.02.2023;29.58;30.03;30.17;29.47;;
27.02.2023;30.07;29.44;30.42;29.36;;
28.02.2023;28.75;30.04;30.72;28.75;;
01.03.2023;28.75;28.8;28.87;27.38;;
02.03.2023;27.96;28.94;29.18;27.78;;
03.03.2023;28.98;27.95;29.03;27.77;;
06.03.2023;29.41;29;29.47;28.74;;
07.03.2023;28.52;29.11;29.24;28.25;;
08.03.2023;28.96;28.59;29.38;28.5;;
09.03.2023;28.6;28.83;29.74;28.55;;
10.03.2023;28.4;28.29;28.93;28.23;;
13.03.2023;27.5;27.94;28.09;27.36;;
14.03.2023;27.01;27.63;28.07;26.86;;
15.03.2023;26.35;26.56;26.69;25.7;;
16.03.2023;26.25;26.37;26.53;25.97;;
17.03.2023;26.36;26;26.37;25.7;;
20.03.2023;25.74;26.5;26.65;25.66;;
21.03.2023;26.31;25.94;26.55;25.93;;
22.03.2023;26.08;26.32;26.45;25.95;;
23.03.2023;25.57;26.18;26.55;25.43;;
24.03.2023;25.66;25.57;25.94;25.25;;
27.03.2023;26.05;26;26.17;25.61;;
28.03.2023;26.5;26.01;26.5;25.94;;
29.03.2023;26.78;26.57;26.86;26.31;;
30.03.2023;27.08;27.16;27.28;26.63;;
31.03.2023;26.49;27.09;27.3;26.31;;
03.04.2023;27.75;27.24;27.77;26.92;;
04.04.2023;27.36;27.96;27.99;27.24;;
05.04.2023;27.4;27.36;27.6;26.49;;
06.04.2023;27.08;27.38;27.47;26.99;;
10.04.2023;27.8;27.2;27.82;27.17;;
11.04.2023;29.02;28.2;29.08;28.01;;
12.04.2023;29.04;29.25;29.4;28.64;;
13.04.2023;29.38;29.15;29.47;29.11;;
14.04.2023;29.82;29.31;29.83;29.23;;
17.04.2023;29.94;29.73;30.16;29.69;;
18.04.2023;30.71;30.04;30.94;29.82;;
19.04.2023;29.73;30.51;30.56;29.65;;
20.04.2023;29.82;29.84;30.15;29.4;;
24.04.2023;30.28;29.75;30.38;29.63;;
25.04.2023;30.12;30.3;30.56;29.78;;
26.04.2023;29.69;30.05;30.23;29.67;;
27.04.2023;28.9;29.82;30.1;28.74;;
28.04.2023;26.67;26.62;27.1;25.87;;
02.05.2023;25.48;26.5;26.61;25.33;;
03.05.2023;25.34;25.32;25.75;25.21;;
04.05.2023;25.71;25.62;26.11;25.26;;
05.05.2023;26.79;25.98;26.85;25.89;;
06.05.2023;26.77;26.77;26.77;26.77;;
08.05.2023;27.23;27.2;27.49;26.98;;
09.05.2023;27.44;27.16;27.61;27;;
10.05.2023;27.49;27.32;27.76;27.1;;
11.05.2023;28.15;27.17;28.45;26.83;;
12.05.2023;29.14;28.04;29.82;28.04;;
15.05.2023;28.56;28.72;28.96;28.25;;
16.05.2023;29.2;28.62;29.99;28.62;;
17.05.2023;29.02;29.53;29.64;28.81;;
18.05.2023;29.15;28.93;29.18;28.58;;
19.05.2023;29.29;29.5;29.57;29.17;;
22.05.2023;28.85;29.28;29.58;28.75;;
23.05.2023;29.45;29;29.73;28.87;;
24.05.2023;29.77;29.3;29.94;29.21;;
25.05.2023;29.55;29.99;29.99;29.34;;
26.05.2023;30.04;29.88;30.05;29.58;;
29.05.2023;29.85;29.88;30.04;29.61;;
30.05.2023;29.57;29.79;29.95;29.37;;
31.05.2023;29.21;29.21;29.58;28.94;;
01.06.2023;30.06;29.31;30.15;29.25;;
02.06.2023;30.42;30.67;30.74;30.23;;
05.06.2023;30.61;30.64;30.96;30.39;;
06.06.2023;31.23;30.57;31.37;30.32;;
07.06.2023;32.2;31.85;32.25;31.63;;
09.06.2023;33.75;32.4;33.79;32.29;;
12.06.2023;34.18;33.75;34.41;33.57;;
13.06.2023;32.3;32.78;32.78;31.99;;
14.06.2023;33.69;32.47;33.69;32.35;;
15.06.2023;33.19;33.65;34.4;33.07;;
16.06.2023;33.39;33.12;33.67;32.84;;
;;;;;;
