Data;Último;Abertura;Máxima;Mínima;;;;
02.01.2018;66.57;66.55;67.29;66.24;;;;
03.01.2018;67.84;66.54;68.03;66.4;;;;
04.01.2018;68.07;67.89;68.27;67.62;;;;
05.01.2018;67.62;67.97;68.11;67.26;;;;
08.01.2018;67.78;67.8;67.99;67.44;;;;
09.01.2018;68.82;68;69.29;67.7;;;;
10.01.2018;69.2;69.12;69.37;68.75;;;;
11.01.2018;69.26;69.15;70.05;69;;;;
12.01.2018;69.87;69.15;69.93;68.59;;;;
15.01.2018;70.26;69.88;70.37;69.55;;;;
16.01.2018;69.15;70.05;70.13;68.83;;;;
17.01.2018;69.38;69.35;69.59;68.55;;;;
18.01.2018;69.31;69.53;69.63;68.8;;;;
19.01.2018;68.61;69.01;69.08;68.28;;;;
22.01.2018;69.03;68.8;69.51;68.39;;;;
23.01.2018;69.96;69.17;70.24;69.12;;;;
24.01.2018;70.53;69.97;70.94;69.54;;;;
25.01.2018;70.42;70.95;71.28;69.97;;;;
26.01.2018;70.52;70.07;70.83;70.05;;;;
29.01.2018;69.46;70.47;70.64;69.07;;;;
30.01.2018;69.02;69.3;69.39;68.4;;;;
31.01.2018;69.05;68.43;69.15;68.33;;;;
01.02.2018;69.65;69;69.97;68.81;;;;
02.02.2018;68.58;70;70.02;67.96;;;;
05.02.2018;67.62;68.15;68.46;66.9;;;;
06.02.2018;66.86;67.02;67.6;66.53;;;;
07.02.2018;65.51;67.2;67.72;65.16;;;;
08.02.2018;64.81;65.28;65.6;64.1;;;;
09.02.2018;62.79;64.44;64.64;61.77;;;;
12.02.2018;62.59;62.5;64.4;62.5;;;;
13.02.2018;62.72;62.85;63.1;61.76;;;;
14.02.2018;64.36;62.84;64.58;61.95;;;;
15.02.2018;64.33;64.44;65.15;63.12;;;;
16.02.2018;64.84;64.66;65.22;64.19;;;;
19.02.2018;65.67;64.96;65.9;64.84;;;;
20.02.2018;65.25;65.64;65.81;64.78;;;;
21.02.2018;65.42;65.05;65.53;64.4;;;;
22.02.2018;66.39;64.91;66.56;64.62;;;;
23.02.2018;67.31;66.3;67.37;65.79;;;;
26.02.2018;67.5;67.29;67.9;66.72;;;;
27.02.2018;66.63;67.57;67.61;66.32;;;;
28.02.2018;65.78;66.41;66.87;65.43;;;;
01.03.2018;63.83;64.57;65.04;63.19;;;;
02.03.2018;64.37;64.07;64.64;63.2;;;;
05.03.2018;65.54;64.65;65.88;64.1;;;;
06.03.2018;65.79;65.74;66.16;65.3;;;;
07.03.2018;64.34;65.23;65.8;63.83;;;;
08.03.2018;63.61;64.51;64.56;63.43;;;;
09.03.2018;65.49;63.93;65.63;63.69;;;;
12.03.2018;64.95;65.5;65.86;64.18;;;;
13.03.2018;64.64;64.92;65.68;64.05;;;;
14.03.2018;64.89;64.73;65.21;64.06;;;;
15.03.2018;65.12;64.9;65.38;64.61;;;;
16.03.2018;66.21;65.07;66.42;64.88;;;;
19.03.2018;66.05;66.01;66.39;65.39;;;;
20.03.2018;67.42;66.15;67.88;66.15;;;;
21.03.2018;69.47;67.61;69.86;67.48;;;;
22.03.2018;68.91;69.63;69.7;68.58;;;;
23.03.2018;70.45;69.11;70.57;68.87;;;;
26.03.2018;70.12;70.43;71.05;69.67;;;;
27.03.2018;70.11;70.13;71.03;69.45;;;;
28.03.2018;69.53;69.72;70.25;68.78;;;;
29.03.2018;70.27;69.86;70.44;69.1;;;;
02.04.2018;67.64;69.32;70.04;67.49;;;;
03.04.2018;68.12;67.63;68.46;67.62;;;;
04.04.2018;68.02;68.15;68.28;66.69;;;;
05.04.2018;68.33;68.36;68.93;67.73;;;;
06.04.2018;67.11;68.09;68.62;66.86;;;;
09.04.2018;68.65;67.1;68.8;67;;;;
10.04.2018;71.04;68.46;71.34;68.46;;;;
11.04.2018;72.06;71.03;73.09;70.57;;;;
12.04.2018;72.02;72.09;72.49;71.1;;;;
13.04.2018;72.58;71.94;72.88;71.56;;;;
16.04.2018;71.42;72.7;72.85;71.11;;;;
17.04.2018;71.58;71.65;71.89;70.83;;;;
18.04.2018;73.48;71.72;73.93;71.66;;;;
19.04.2018;73.78;73.72;74.75;73.46;;;;
20.04.2018;74.06;73.94;74.2;72.83;;;;
23.04.2018;74.71;73.77;75.1;73.13;;;;
24.04.2018;73.86;75.09;75.47;73.68;;;;
25.04.2018;74;74;74.19;73.17;;;;
26.04.2018;74.74;74.23;74.97;74.11;;;;
27.04.2018;74.64;74.72;75.03;74.35;;;;
30.04.2018;75.17;74.62;75.41;73.47;;;;
01.05.2018;73.13;74.65;74.98;72.74;;;;
02.05.2018;73.36;73.28;73.63;72.38;;;;
03.05.2018;73.62;73.07;74.09;72.47;;;;
04.05.2018;74.87;73.74;75.08;73.24;;;;
07.05.2018;76.17;75;76.34;74.83;;;;
08.05.2018;74.85;75.6;76.18;73.1;;;;
09.05.2018;77.21;76.19;77.43;76.08;;;;
10.05.2018;77.47;77.44;78;76.51;;;;
11.05.2018;77.12;77.55;77.6;76.95;;;;
14.05.2018;78.23;77.05;78.53;76.55;;;;
15.05.2018;78.43;78.42;79.47;77.9;;;;
16.05.2018;79.28;78.1;79.35;77.61;;;;
17.05.2018;79.3;79.26;80.5;79.12;;;;
18.05.2018;78.51;79.46;79.87;78.33;;;;
21.05.2018;79.22;78.61;79.59;78.1;;;;
22.05.2018;79.57;79.36;80.49;79.16;;;;
23.05.2018;79.8;79.47;79.85;78.21;;;;
24.05.2018;78.79;79.65;79.78;78.57;;;;
25.05.2018;76.44;78.82;78.88;76.01;;;;
28.05.2018;75.3;76.11;76.17;74.49;;;;
29.05.2018;75.39;75.82;76.2;74.54;;;;
30.05.2018;77.5;75.37;77.73;74.81;;;;
31.05.2018;77.59;77.37;78.75;77.04;;;;
01.06.2018;76.79;77.71;77.95;76.35;;;;
04.06.2018;75.29;76.66;76.95;75.2;;;;
05.06.2018;75.38;75.4;75.74;73.81;;;;
06.06.2018;75.36;75.19;76.25;74.46;;;;
07.06.2018;77.32;75.88;77.45;75.44;;;;
08.06.2018;76.46;77.39;77.61;76.12;;;;
11.06.2018;76.46;76.3;76.84;75.52;;;;
12.06.2018;75.88;76.5;77.07;75.43;;;;
13.06.2018;76.74;75.4;76.87;75.26;;;;
14.06.2018;75.94;76.56;76.92;75.76;;;;
15.06.2018;73.44;75.98;76.06;73;;;;
18.06.2018;75.34;73.06;75.49;72.45;;;;
19.06.2018;75.08;75.24;75.55;74.45;;;;
20.06.2018;74.74;75.2;75.86;74.1;;;;
21.06.2018;73.05;74.46;74.69;72.93;;;;
22.06.2018;75.55;73.24;75.83;73.24;;;;
25.06.2018;74.73;74.8;75.13;73.74;;;;
26.06.2018;76.31;74.74;76.72;74.13;;;;
27.06.2018;77.62;76.54;78.16;76.28;;;;
28.06.2018;77.85;77.5;78.42;77.09;;;;
29.06.2018;79.44;77.79;79.7;77.45;;;;
02.07.2018;77.3;78.55;78.95;77.16;;;;
03.07.2018;77.76;77.4;78.55;76.67;;;;
04.07.2018;78.24;77.89;78.28;77.61;;;;
05.07.2018;77.39;78.14;78.5;77.3;;;;
06.07.2018;77.11;77.57;77.68;76.36;;;;
09.07.2018;78.07;77.21;78.31;77.04;;;;
10.07.2018;78.86;78.25;79.51;78.15;;;;
11.07.2018;73.4;78.78;78.83;73.04;;;;
12.07.2018;74.45;74.17;75.1;72.67;;;;
13.07.2018;75.33;74.34;75.93;73.22;;;;
16.07.2018;71.84;74.92;75.37;71.52;;;;
17.07.2018;72.16;72.01;72.78;71.35;;;;
18.07.2018;72.9;71.74;73.28;71.19;;;;
19.07.2018;72.58;73.06;73.79;71.83;;;;
20.07.2018;73.07;72.65;73.47;72.26;;;;
23.07.2018;73.06;73.22;74.5;72.52;;;;
24.07.2018;73.44;72.91;74;72.68;;;;
25.07.2018;73.93;73.7;74.6;73.07;;;;
26.07.2018;74.54;74.37;74.83;73.77;;;;
27.07.2018;74.29;74.5;74.85;73.83;;;;
30.07.2018;74.97;74.31;75.27;74.14;;;;
31.07.2018;74.25;74.93;75.1;74.14;;;;
01.08.2018;72.39;74.07;74.12;72.13;;;;
02.08.2018;73.45;72.42;73.75;71.84;;;;
03.08.2018;73.21;73.37;73.73;72.48;;;;
06.08.2018;73.75;73.21;74.47;73.08;;;;
07.08.2018;74.65;73.61;74.9;73.57;;;;
08.08.2018;72.28;74.64;74.87;71.65;;;;
09.08.2018;72.07;72.16;72.89;71.86;;;;
10.08.2018;72.81;71.97;73.14;71.4;;;;
13.08.2018;72.61;73;73.09;71.04;;;;
14.08.2018;72.46;72.82;73.93;72.16;;;;
15.08.2018;70.76;72.22;72.44;70.3;;;;
16.08.2018;71.43;70.65;71.52;70.4;;;;
17.08.2018;71.83;71.35;72.49;71.25;;;;
20.08.2018;72.21;71.77;72.75;71.42;;;;
21.08.2018;72.63;72.15;72.95;72.05;;;;
22.08.2018;74.78;72.76;75;72.7;;;;
23.08.2018;74.73;74.72;74.87;74.21;;;;
24.08.2018;75.82;74.73;76.42;74.68;;;;
27.08.2018;76.21;75.54;76.34;75.39;;;;
28.08.2018;75.95;76.34;76.97;75.73;;;;
29.08.2018;77.14;75.99;77.42;75.67;;;;
30.08.2018;77.77;77.33;78.03;77.18;;;;
31.08.2018;77.42;77.53;77.79;77;;;;
03.09.2018;78.15;77.69;78.44;77.3;;;;
04.09.2018;78.17;78.19;79.72;77.44;;;;
05.09.2018;77.27;77.82;78.09;76.91;;;;
06.09.2018;76.5;77.02;77.77;75.64;;;;
07.09.2018;76.83;76.69;77.1;75.88;;;;
10.09.2018;77.37;77.08;77.92;76.9;;;;
11.09.2018;79.06;77.38;79.54;77.36;;;;
12.09.2018;79.74;79.42;80.13;78.75;;;;
13.09.2018;78.18;79.6;79.71;77.87;;;;
14.09.2018;78.09;78.45;78.94;77.37;;;;
17.09.2018;78.05;78.07;78.9;77.73;;;;
18.09.2018;79.03;77.78;79.73;77.46;;;;
19.09.2018;79.4;78.97;79.5;78.51;;;;
20.09.2018;78.7;79.44;79.83;78.51;;;;
21.09.2018;78.8;78.67;80.12;78.23;;;;
24.09.2018;81.2;78.97;81.48;78.97;;;;
25.09.2018;81.87;81.35;82.55;81.17;;;;
26.09.2018;81.34;81.45;82.22;81.1;;;;
27.09.2018;81.72;81.8;82.44;81.32;;;;
28.09.2018;82.72;81.63;82.87;81.6;;;;
01.10.2018;84.98;82.79;85.45;82.55;;;;
02.10.2018;84.8;84.95;85.38;84.31;;;;
03.10.2018;86.29;84.79;86.74;84.01;;;;
04.10.2018;84.58;85.99;86.43;84.14;;;;
05.10.2018;84.16;84.89;85.12;83.92;;;;
08.10.2018;83.91;84.17;84.31;82.66;;;;
09.10.2018;85;83.91;85.45;83.73;;;;
10.10.2018;83.09;84.98;85.17;82.26;;;;
11.10.2018;80.26;82.47;82.63;79.8;;;;
12.10.2018;80.43;80.28;81.48;79.23;;;;
15.10.2018;80.78;81;81.92;79.85;;;;
16.10.2018;81.41;80.88;81.75;79.8;;;;
17.10.2018;80.05;81.74;81.85;79.17;;;;
18.10.2018;79.29;80.23;80.31;78.69;;;;
19.10.2018;79.78;79.44;80.88;79.22;;;;
22.10.2018;79.83;80.11;80.41;78.99;;;;
23.10.2018;76.44;80.04;80.12;75.88;;;;
24.10.2018;76.17;76.35;77.57;75.11;;;;
25.10.2018;76.89;75.67;77.08;75.35;;;;
26.10.2018;77.62;76.6;77.91;75.77;;;;
29.10.2018;77.34;77.64;78.03;76.55;;;;
30.10.2018;75.91;76.82;77.32;75.09;;;;
31.10.2018;75.47;76.28;76.92;75.42;;;;
01.11.2018;72.89;74.69;74.99;72.56;;;;
02.11.2018;72.83;72.75;73.5;72.16;;;;
05.11.2018;73.17;72.85;74.13;72.26;;;;
06.11.2018;72.13;72.85;73.28;71.18;;;;
07.11.2018;72.07;71.66;73.55;71.36;;;;
08.11.2018;70.65;72.1;73.08;70.56;;;;
09.11.2018;70.18;70.87;70.99;69.13;;;;
12.11.2018;70.12;70.69;71.88;68.87;;;;
13.11.2018;65.47;69.13;69.68;64.61;;;;
14.11.2018;66.12;65.62;67.63;65.02;;;;
15.11.2018;66.62;66.12;67.42;65.77;;;;
16.11.2018;66.76;66.68;68.38;66.06;;;;
19.11.2018;66.79;66.99;67.64;65.27;;;;
20.11.2018;62.53;66.9;66.9;61.71;;;;
21.11.2018;63.48;62.6;64.48;62.56;;;;
22.11.2018;62.6;63.6;63.81;62.27;;;;
23.11.2018;58.8;62.58;62.79;58.41;;;;
26.11.2018;60.48;58.98;61.13;58.6;;;;
27.11.2018;60.21;60.39;61.4;58.92;;;;
28.11.2018;58.76;60.63;61.27;58.55;;;;
29.11.2018;59.51;59.12;60.37;57.5;;;;
30.11.2018;58.71;59.28;59.93;58.25;;;;
03.12.2018;61.69;59.98;62.6;59.85;;;;
04.12.2018;62.08;61.9;63.58;61.24;;;;
05.12.2018;61.56;61.35;63.29;60.8;;;;
06.12.2018;60.06;61.36;61.97;58.36;;;;
07.12.2018;61.67;60.25;63.73;59.1;;;;
10.12.2018;59.97;61.34;62.33;59.61;;;;
11.12.2018;60.2;59.91;61.1;59.58;;;;
12.12.2018;60.15;60.67;61.43;59.98;;;;
13.12.2018;61.45;60.29;62.02;59.33;;;;
14.12.2018;60.28;61.53;61.58;59.92;;;;
17.12.2018;59.61;60.25;61.21;58.64;;;;
18.12.2018;56.26;59;59.24;55.89;;;;
19.12.2018;57.24;56.51;58.11;56.04;;;;
20.12.2018;54.35;56.49;56.75;54.28;;;;
21.12.2018;53.82;54.97;55.33;52.79;;;;
24.12.2018;50.47;53.49;54.66;50.36;;;;
26.12.2018;54.47;50.84;55.29;49.93;;;;
27.12.2018;52.16;54.65;54.67;51.94;;;;
28.12.2018;52.2;53.44;53.8;51.6;;;;
31.12.2018;53.8;53;54.82;52.66;;;;
02.01.2019;54.91;54.12;56.56;52.51;;;;
03.01.2019;55.95;54.29;56.3;53.93;;;;
04.01.2019;57.06;55.67;58.31;55.34;;;;
07.01.2019;57.33;57.41;58.93;57.26;;;;
08.01.2019;58.72;57.64;58.87;57.13;;;;
09.01.2019;61.44;59.15;61.69;59.05;;;;
10.01.2019;61.68;61.15;61.91;60.44;;;;
11.01.2019;60.48;61.19;62.49;60.08;;;;
14.01.2019;58.99;60.62;61.04;58.9;;;;
15.01.2019;60.64;59.36;60.86;59.11;;;;
16.01.2019;61.32;60.42;61.45;60.03;;;;
17.01.2019;61.18;61.05;61.54;60.04;;;;
18.01.2019;62.7;61.33;63;61.32;;;;
21.01.2019;62.74;62.74;63.15;62.25;;;;
22.01.2019;61.5;62.59;62.71;60.57;;;;
23.01.2019;61.14;61.37;62.33;60.21;;;;
24.01.2019;61.09;61.02;61.51;60.41;;;;
25.01.2019;61.64;61.13;61.92;60.7;;;;
28.01.2019;59.93;61.49;61.69;59.49;;;;
29.01.2019;61.32;59.87;61.79;59.75;;;;
30.01.2019;61.65;61.26;62.67;61.04;;;;
31.01.2019;61.89;61.97;62.32;61.57;;;;
01.02.2019;62.75;61.06;62.97;60.46;;;;
04.02.2019;62.51;62.83;63.63;61.28;;;;
05.02.2019;61.98;62.64;63.02;61.72;;;;
06.02.2019;62.69;62.06;62.8;61.05;;;;
07.02.2019;61.63;62.5;62.91;60.6;;;;
08.02.2019;62.1;61.66;62.36;61.04;;;;
11.02.2019;61.51;62.11;62.34;60.9;;;;
12.02.2019;62.42;61.59;63.34;61.59;;;;
13.02.2019;63.61;62.7;63.98;62.69;;;;
14.02.2019;64.57;63.69;64.81;63.25;;;;
15.02.2019;66.25;64.86;66.39;64.42;;;;
18.02.2019;66.5;66.39;66.83;65.9;;;;
19.02.2019;66.45;66.44;66.65;65.58;;;;
20.02.2019;67.08;66.3;67.38;65.63;;;;
21.02.2019;67.07;67.05;67.31;66.69;;;;
22.02.2019;67.12;66.96;67.73;66.87;;;;
25.02.2019;64.76;66.97;67.47;64.54;;;;
26.02.2019;65.21;64.79;65.74;64.32;;;;
27.02.2019;66.39;65.64;66.7;65.27;;;;
28.02.2019;66.03;66.38;66.38;65.67;;;;
01.03.2019;65.07;66.48;67.14;64.59;;;;
04.03.2019;65.67;64.97;66.34;64.93;;;;
05.03.2019;65.86;65.46;66.23;65.04;;;;
06.03.2019;65.99;65.49;66.18;65.22;;;;
07.03.2019;66.3;65.88;67;65.75;;;;
08.03.2019;65.74;66.08;66.09;64.02;;;;
11.03.2019;66.58;65.76;66.75;65.63;;;;
12.03.2019;66.67;66.7;67.39;66.34;;;;
13.03.2019;67.55;66.91;67.76;66.7;;;;
14.03.2019;67.23;67.65;68.14;67.03;;;;
15.03.2019;67.16;67.18;67.71;66.13;;;;
18.03.2019;67.54;67.14;67.69;66.69;;;;
19.03.2019;67.61;67.49;68.2;67.13;;;;
20.03.2019;68.5;67.66;68.57;67.19;;;;
21.03.2019;67.86;68.38;68.69;67.59;;;;
22.03.2019;67.03;67.76;67.98;66.2;;;;
25.03.2019;67.21;67;67.65;66.36;;;;
26.03.2019;67.97;67.36;68.23;67.24;;;;
27.03.2019;67.83;67.9;68.35;67.19;;;;
28.03.2019;67.82;67.75;68;66.54;;;;
29.03.2019;68.39;68.01;68.89;67.81;;;;
01.04.2019;69.01;67.58;69.22;67.58;;;;
02.04.2019;69.37;69.22;69.58;68.69;;;;
03.04.2019;69.31;69.47;69.96;68.8;;;;
04.04.2019;69.4;69.44;70.03;68.87;;;;
05.04.2019;70.34;69.13;70.48;68.92;;;;
08.04.2019;71.1;70.56;71.19;70.43;;;;
09.04.2019;70.61;71.19;71.34;70.3;;;;
10.04.2019;71.73;70.82;71.78;70.57;;;;
11.04.2019;70.83;71.56;71.68;70.57;;;;
12.04.2019;71.55;70.95;71.87;70.9;;;;
15.04.2019;71.18;71.55;71.6;70.78;;;;
16.04.2019;71.72;71.21;71.95;70.74;;;;
17.04.2019;71.62;71.83;72.27;71.45;;;;
18.04.2019;71.97;71.63;72.04;71.2;;;;
22.04.2019;74.04;71.93;74.52;71.86;;;;
23.04.2019;74.51;74.38;74.73;73.99;;;;
24.04.2019;74.57;74.27;74.73;74.02;;;;
25.04.2019;74.35;74.46;75.6;74;;;;
26.04.2019;72.15;74.2;74.42;71.3;;;;
29.04.2019;72.04;71.56;72.5;71.06;;;;
30.04.2019;72.8;71.94;73.27;71.73;;;;
01.05.2019;72.18;71.73;72.36;71.3;;;;
02.05.2019;70.75;72;72.22;69.68;;;;
03.05.2019;70.85;70.48;71.54;69.95;;;;
06.05.2019;71.24;70.59;71.79;68.79;;;;
07.05.2019;69.88;71.15;71.33;69.38;;;;
08.05.2019;70.37;69.88;70.7;69.33;;;;
09.05.2019;70.39;70.23;70.65;69.4;;;;
10.05.2019;70.62;70.45;71.23;70.18;;;;
13.05.2019;70.23;70.83;72.58;69.72;;;;
14.05.2019;71.24;70.02;71.65;69.93;;;;
15.05.2019;71.77;70.9;72.25;70.42;;;;
16.05.2019;72.62;72.05;73.36;71.82;;;;
17.05.2019;72.21;72.82;73.23;71.79;;;;
20.05.2019;71.97;72.5;73.4;71.6;;;;
21.05.2019;72.18;72.15;72.52;71.63;;;;
22.05.2019;70.99;71.91;72.04;70.42;;;;
23.05.2019;67.76;70.86;70.97;67.02;;;;
24.05.2019;68.69;67.99;69.3;67.33;;;;
27.05.2019;70.11;69.15;70.23;68.53;;;;
28.05.2019;70.11;69.99;70.59;69.58;;;;
29.05.2019;69.45;70.1;70.1;68.08;;;;
30.05.2019;66.87;69.68;69.96;66.31;;;;
31.05.2019;64.49;66.24;66.28;64.37;;;;
03.06.2019;61.28;61.64;62.84;60.55;;;;
04.06.2019;61.97;61;62.12;60.21;;;;
05.06.2019;60.63;61.58;62.27;59.45;;;;
06.06.2019;61.67;60.4;62.43;60.22;;;;
07.06.2019;63.29;62.4;63.59;61.77;;;;
10.06.2019;62.29;63.58;64.1;62.05;;;;
11.06.2019;62.29;62.3;62.87;62.01;;;;
12.06.2019;59.97;61.79;61.85;59.57;;;;
13.06.2019;61.31;59.94;62.64;59.78;;;;
14.06.2019;62.01;61.25;62.57;60.74;;;;
17.06.2019;60.94;62.07;62.37;60.74;;;;
18.06.2019;62.14;60.93;62.84;60.25;;;;
19.06.2019;61.82;62.4;62.55;61.4;;;;
20.06.2019;64.45;62.45;64.82;62.4;;;;
21.06.2019;65.2;64.86;65.76;64;;;;
24.06.2019;64.86;65.5;65.79;64.08;;;;
25.06.2019;65.05;64.89;65.98;64.17;;;;
26.06.2019;66.49;65.8;66.85;65.6;;;;
27.06.2019;66.55;66.05;66.82;65.63;;;;
28.06.2019;66.55;66.51;66.84;66.08;;;;
01.07.2019;65.06;65.05;66.75;64.22;;;;
02.07.2019;62.4;64.8;65.51;62.22;;;;
03.07.2019;63.82;62.9;64.01;62.09;;;;
04.07.2019;63.3;63.88;64.07;62.95;;;;
05.07.2019;64.23;63.27;64.52;62.91;;;;
08.07.2019;64.11;64.34;65.14;63.79;;;;
09.07.2019;64.16;63.81;64.75;63.76;;;;
10.07.2019;67.01;64.78;67.12;64.63;;;;
11.07.2019;66.52;66.81;67.65;66.43;;;;
12.07.2019;66.72;66.83;67.29;66.51;;;;
15.07.2019;66.48;66.87;67.47;66.11;;;;
16.07.2019;64.35;66.31;67.09;63.82;;;;
17.07.2019;63.66;64.44;65.28;63.22;;;;
18.07.2019;61.93;63.52;64.46;61.29;;;;
19.07.2019;62.47;62.5;63.37;61.83;;;;
22.07.2019;63.26;63.05;64.03;62.77;;;;
23.07.2019;63.83;63.26;64.46;62.66;;;;
24.07.2019;63.18;64.13;64.66;62.59;;;;
25.07.2019;63.39;63.21;64.23;63.01;;;;
26.07.2019;63.46;63.28;63.96;63.01;;;;
29.07.2019;63.71;63.32;63.9;62.92;;;;
30.07.2019;64.72;63.91;65.14;63.9;;;;
31.07.2019;65.17;64.95;65.42;64.95;;;;
01.08.2019;60.5;64.09;64.54;60.02;;;;
02.08.2019;61.89;61.16;62.95;60.98;;;;
05.08.2019;59.81;61.46;61.56;59.66;;;;
06.08.2019;58.94;59.56;60.56;58.55;;;;
07.08.2019;56.23;58.68;59.23;55.88;;;;
08.08.2019;57.38;57.48;58.01;56.77;;;;
09.08.2019;58.53;57.74;59.1;57.11;;;;
12.08.2019;58.57;58.3;58.88;57.88;;;;
13.08.2019;61.3;58.47;61.5;58;;;;
14.08.2019;59.48;61.07;61.08;58.21;;;;
15.08.2019;58.23;59.07;59.42;57.67;;;;
16.08.2019;58.64;58.41;59.5;58.28;;;;
19.08.2019;59.74;58.72;59.92;58.64;;;;
20.08.2019;60.03;59.68;60.32;58.95;;;;
21.08.2019;60.3;60.11;61.41;60.07;;;;
22.08.2019;59.92;60.43;60.89;59.47;;;;
23.08.2019;59.34;60.11;60.29;58.3;;;;
26.08.2019;58.7;58.35;60.17;58.24;;;;
27.08.2019;59.51;58.8;60.17;58.51;;;;
28.08.2019;60.49;60.04;61;59.8;;;;
29.08.2019;61.08;60.48;61.19;59.98;;;;
30.08.2019;60.43;60.98;61.17;60.25;;;;
02.09.2019;58.66;58.8;59.26;58.1;;;;
03.09.2019;58.26;58.54;58.87;57.23;;;;
04.09.2019;60.7;58.17;60.96;58.13;;;;
05.09.2019;60.95;60.49;62.4;60.25;;;;
06.09.2019;61.54;60.81;61.88;59.4;;;;
09.09.2019;62.59;61.6;63;61.57;;;;
10.09.2019;62.38;62.82;63.78;62.17;;;;
11.09.2019;60.81;62.88;63.27;60.52;;;;
12.09.2019;60.38;61.16;61.39;58.92;;;;
13.09.2019;60.22;60.45;60.81;59.6;;;;
16.09.2019;69.02;66.45;71.95;64.75;;;;
17.09.2019;64.55;68.15;69.26;63.55;;;;
18.09.2019;63.6;64.23;64.99;63.04;;;;
19.09.2019;64.4;63.51;65.57;63.46;;;;
20.09.2019;64.28;65;65.28;64.05;;;;
23.09.2019;64.77;65.23;65.5;63.53;;;;
24.09.2019;63.1;64.4;64.6;62.3;;;;
25.09.2019;62.39;62.44;62.81;61.23;;;;
26.09.2019;62.74;62.58;62.92;61.45;;;;
27.09.2019;61.91;62.48;62.75;60.76;;;;
30.09.2019;60.78;62.24;62.24;60.73;;;;
01.10.2019;58.89;59.38;60.1;58.41;;;;
02.10.2019;57.69;59.25;59.5;57.22;;;;
03.10.2019;57.71;57.54;57.99;56.15;;;;
04.10.2019;58.37;57.69;58.96;57.67;;;;
07.10.2019;58.35;58.02;59.68;58.02;;;;
08.10.2019;58.24;58.47;58.92;57.38;;;;
09.10.2019;58.32;58.02;59.35;57.91;;;;
10.10.2019;59.1;58.04;59.6;57.8;;;;
11.10.2019;60.51;59.53;60.69;59.21;;;;
14.10.2019;59.35;60.69;60.73;58.5;;;;
15.10.2019;58.74;59.3;59.68;58;;;;
16.10.2019;59.42;58.9;59.75;58.36;;;;
17.10.2019;59.91;58.99;60.04;58.69;;;;
18.10.2019;59.42;59.78;60.29;59.01;;;;
21.10.2019;58.96;59.23;59.55;58.26;;;;
22.10.2019;59.7;59.05;60.26;58.75;;;;
23.10.2019;61.17;59.48;61.3;58.85;;;;
24.10.2019;61.67;60.99;61.9;60.64;;;;
25.10.2019;62.02;61.5;62.11;60.93;;;;
28.10.2019;61.57;62.04;62.34;61.19;;;;
29.10.2019;61.59;61.61;61.98;60.66;;;;
30.10.2019;60.61;61.6;61.93;60.45;;;;
31.10.2019;60.23;60.57;61.13;60.07;;;;
01.11.2019;61.69;59.45;61.82;59.4;;;;
04.11.2019;62.13;61.8;62.78;61.28;;;;
05.11.2019;62.96;62.04;63.19;61.85;;;;
06.11.2019;61.74;62.78;63.32;61.59;;;;
07.11.2019;62.29;61.73;62.89;61.65;;;;
08.11.2019;62.51;62.29;62.7;60.66;;;;
11.11.2019;62.18;62.6;62.76;61.57;;;;
12.11.2019;62.06;62.11;62.85;61.82;;;;
13.11.2019;62.37;61.85;62.74;61.22;;;;
14.11.2019;62.28;62.61;63.21;62.15;;;;
15.11.2019;63.3;62.47;63.65;61.7;;;;
18.11.2019;62.44;63.36;63.57;61.94;;;;
19.11.2019;60.91;62.28;62.57;60.7;;;;
20.11.2019;62.4;60.94;62.8;60.3;;;;
21.11.2019;63.97;62.22;64.03;61.92;;;;
22.11.2019;63.39;63.62;64.27;62.98;;;;
25.11.2019;63.65;63.6;63.8;62.97;;;;
26.11.2019;64.27;63.7;64.32;63.44;;;;
27.11.2019;64.06;64.02;64.6;63.51;;;;
28.11.2019;63.87;63.91;64;63.19;;;;
29.11.2019;62.43;63.77;63.86;62.36;;;;
02.12.2019;60.92;60.73;62.09;60.72;;;;
03.12.2019;60.82;61.05;61.58;60.3;;;;
04.12.2019;63;61.08;63.51;61;;;;
05.12.2019;63.39;62.97;63.91;62.75;;;;
06.12.2019;64.39;63.41;64.88;62.83;;;;
09.12.2019;64.25;64.29;64.5;63.61;;;;
10.12.2019;64.34;64.03;64.69;63.78;;;;
11.12.2019;63.72;64;64.26;63.01;;;;
12.12.2019;64.2;63.9;64.85;63.87;;;;
13.12.2019;65.22;64.56;65.79;64.5;;;;
16.12.2019;65.34;65.05;65.66;64.88;;;;
17.12.2019;66.1;65.31;66.24;65.12;;;;
18.12.2019;66.17;65.84;66.43;65.56;;;;
19.12.2019;66.54;66.19;66.78;66.03;;;;
20.12.2019;66.14;66.56;66.72;65.7;;;;
23.12.2019;66.39;66.15;66.62;65.81;;;;
24.12.2019;67.2;66.44;67.26;66.36;;;;
26.12.2019;67.92;67.27;67.99;67.22;;;;
27.12.2019;68.16;67.91;68.33;67.57;;;;
30.12.2019;68.44;68.2;68.99;68.16;;;;
31.12.2019;66;66.65;66.93;65.63;;;;
02.01.2020;66.25;66.41;66.58;65.72;;;;
03.01.2020;68.6;66.28;69.5;66.22;;;;
06.01.2020;68.91;69.35;70.74;68.21;;;;
07.01.2020;68.27;68.63;68.75;67.65;;;;
08.01.2020;65.44;71.22;71.75;64.94;;;;
09.01.2020;65.37;66;66.1;64.56;;;;
10.01.2020;64.98;65.29;65.66;64.86;;;;
13.01.2020;64.2;65.13;65.27;63.92;;;;
14.01.2020;64.49;64.29;65.05;63.92;;;;
15.01.2020;64;64.44;64.6;63.55;;;;
16.01.2020;64.62;64.26;64.97;63.9;;;;
17.01.2020;64.85;64.69;65.6;64.48;;;;
20.01.2020;65.2;65.98;66;64.92;;;;
21.01.2020;64.59;65.26;65.35;64.06;;;;
22.01.2020;63.21;64.57;64.58;62.62;;;;
23.01.2020;62.04;62.68;62.69;61.25;;;;
24.01.2020;60.69;62.01;62.46;60.25;;;;
27.01.2020;59.32;60.23;60.49;58.5;;;;
28.01.2020;59.51;59.03;60.12;58.5;;;;
29.01.2020;59.81;59.86;60.62;59.26;;;;
30.01.2020;58.29;59.6;59.65;57.71;;;;
31.01.2020;58.16;59.3;59.45;57.94;;;;
03.02.2020;54.45;56.16;56.77;54.08;;;;
04.02.2020;53.96;54.33;55.65;53.69;;;;
05.02.2020;55.28;54.05;56.46;54.05;;;;
06.02.2020;54.93;55.56;56.58;54.25;;;;
07.02.2020;54.47;55.14;55.4;54.21;;;;
10.02.2020;53.27;54.2;54.71;53.11;;;;
11.02.2020;54.01;53.62;54.69;53.6;;;;
12.02.2020;55.79;54.41;56.36;54.39;;;;
13.02.2020;56.34;55.75;56.83;54.96;;;;
14.02.2020;57.32;56.41;57.53;56.15;;;;
17.02.2020;57.67;57.29;57.7;56.83;;;;
18.02.2020;57.75;57.35;57.83;56.3;;;;
19.02.2020;59.12;57.6;59.4;57.51;;;;
20.02.2020;59.31;59.31;60;58.9;;;;
21.02.2020;58.5;59;59.25;57.73;;;;
24.02.2020;56.3;57.85;57.86;55.13;;;;
25.02.2020;54.95;56.46;56.98;54.62;;;;
26.02.2020;53.43;55.13;55.45;53.03;;;;
27.02.2020;52.18;53.18;53.25;50.97;;;;
28.02.2020;50.52;51.42;51.52;50.05;;;;
02.03.2020;51.9;48.95;53.2;48.4;;;;
03.03.2020;51.86;53.47;53.9;51.22;;;;
04.03.2020;51.13;52.11;53.03;51.04;;;;
05.03.2020;49.99;51.66;52.04;49.7;;;;
06.03.2020;45.27;50.25;50.45;45.18;;;;
09.03.2020;34.36;38.28;38.34;31.02;;;;
10.03.2020;37.22;35.84;38.22;35;;;;
11.03.2020;35.79;37.27;39.7;35.35;;;;
12.03.2020;33.22;35.99;36.46;32.5;;;;
13.03.2020;33.85;32.85;36.15;32.5;;;;
16.03.2020;30.05;35.82;35.84;29.45;;;;
17.03.2020;28.73;30.14;31.25;28.5;;;;
18.03.2020;24.88;28.4;29.21;24.52;;;;
19.03.2020;28.47;27.19;29.42;24.96;;;;
20.03.2020;26.98;28.1;30.94;26.81;;;;
23.03.2020;27.03;26.75;27.54;24.68;;;;
24.03.2020;27.15;27.72;28.65;26.69;;;;
25.03.2020;27.39;27.8;28.29;25.68;;;;
26.03.2020;26.34;27.35;27.75;26.03;;;;
27.03.2020;24.93;26.68;27;24.13;;;;
30.03.2020;22.76;23.85;24.44;21.65;;;;
31.03.2020;22.74;23;23.87;22.59;;;;
01.04.2020;24.74;25.99;26.28;24.52;;;;
02.04.2020;29.94;25.61;36.29;25.45;;;;
03.04.2020;34.11;29.89;35;28.25;;;;
06.04.2020;33.05;31.76;34.24;30.03;;;;
07.04.2020;31.87;33.66;34.18;31.74;;;;
08.04.2020;32.84;32.63;33.87;31.54;;;;
09.04.2020;31.48;33.82;36.4;31.18;;;;
13.04.2020;31.74;33.99;33.99;30.63;;;;
14.04.2020;29.6;32.25;32.32;29.38;;;;
15.04.2020;27.69;30.26;30.33;27.16;;;;
16.04.2020;27.82;28.05;29;27.2;;;;
17.04.2020;28.08;28.66;28.93;27.58;;;;
20.04.2020;25.57;28.05;28.25;25.37;;;;
21.04.2020;19.33;26.33;26.5;17.51;;;;
22.04.2020;20.37;20.23;22.45;15.98;;;;
23.04.2020;21.33;20.89;23.22;20.07;;;;
24.04.2020;21.44;21.93;22.7;20.5;;;;
27.04.2020;19.99;21.55;21.91;19.11;;;;
28.04.2020;20.46;19.9;21.29;18.73;;;;
29.04.2020;22.54;20.66;23.88;20.53;;;;
30.04.2020;25.27;22.87;25.76;22.87;;;;
01.05.2020;26.44;26.95;27.88;25.76;;;;
04.05.2020;27.2;26.1;28.08;25.5;;;;
05.05.2020;30.97;28.1;32.06;27.77;;;;
06.05.2020;29.72;32.27;32.27;28.66;;;;
07.05.2020;29.46;29.64;31.84;29.08;;;;
08.05.2020;30.97;29.6;31.14;29.43;;;;
11.05.2020;29.63;30.7;31.47;29.35;;;;
12.05.2020;29.98;30.07;30.7;29.35;;;;
13.05.2020;29.19;29.35;30.55;28.86;;;;
14.05.2020;31.13;29.52;31.55;28.88;;;;
15.05.2020;32.5;31.52;32.91;30.94;;;;
18.05.2020;34.81;32.78;35.72;32.69;;;;
19.05.2020;34.65;35.66;35.76;34.2;;;;
20.05.2020;35.75;34.45;36.46;34.38;;;;
21.05.2020;36.06;35.82;36.98;35.75;;;;
22.05.2020;35.13;36.18;36.23;33.54;;;;
25.05.2020;35.53;34.98;35.97;34.46;;;;
26.05.2020;36.17;35.66;36.68;35.26;;;;
27.05.2020;34.74;35.93;36.16;33.98;;;;
28.05.2020;35.29;33.92;35.95;33.62;;;;
29.05.2020;35.33;35.15;35.37;34.06;;;;
01.06.2020;38.32;37.56;38.68;37.18;;;;
02.06.2020;39.57;38.34;39.75;38.26;;;;
03.06.2020;39.79;39.75;40.53;38.76;;;;
04.06.2020;39.99;39.6;40.1;39.04;;;;
05.06.2020;42.3;39.84;42.48;39.72;;;;
08.06.2020;40.8;42.4;43.41;40.68;;;;
09.06.2020;41.18;41.1;41.45;39.85;;;;
10.06.2020;41.73;40.72;41.99;40.14;;;;
11.06.2020;38.55;40.95;41.01;37.82;;;;
12.06.2020;38.73;37.88;39.45;37.01;;;;
15.06.2020;39.72;38.8;39.9;37.24;;;;
16.06.2020;40.96;39.94;41.65;38.95;;;;
17.06.2020;40.71;40.61;41.46;40.03;;;;
18.06.2020;41.51;40.43;41.64;40.06;;;;
19.06.2020;42.19;41.72;42.92;41.03;;;;
22.06.2020;43.08;41.74;43.18;41.58;;;;
23.06.2020;42.63;43.21;43.93;42.21;;;;
24.06.2020;40.31;42.45;42.89;39.63;;;;
25.06.2020;41.05;40.35;41.64;39.47;;;;
26.06.2020;41.02;41.44;41.81;40.29;;;;
29.06.2020;41.71;40.56;41.95;40.04;;;;
30.06.2020;41.15;41.33;41.62;40.9;;;;
01.07.2020;42.03;41.58;42.62;41.03;;;;
02.07.2020;43.14;41.84;43.23;41.73;;;;
03.07.2020;42.8;42.76;42.99;42.32;;;;
06.07.2020;43.1;42.79;43.71;42.74;;;;
07.07.2020;43.08;43.13;43.45;42.46;;;;
08.07.2020;43.29;42.81;43.47;42.75;;;;
09.07.2020;42.35;43.3;43.5;41.94;;;;
10.07.2020;43.24;42.36;43.42;41.32;;;;
13.07.2020;42.72;43.12;43.34;42.14;;;;
14.07.2020;42.9;42.24;43.22;41.8;;;;
15.07.2020;43.79;43.07;43.85;42.7;;;;
16.07.2020;43.37;43.71;43.8;43.14;;;;
17.07.2020;43.14;43.4;43.45;42.64;;;;
20.07.2020;43.28;43.08;43.45;42.36;;;;
21.07.2020;44.32;43.17;44.89;43.16;;;;
22.07.2020;44.29;44.03;44.4;43.62;;;;
23.07.2020;43.31;44.1;44.77;43.13;;;;
24.07.2020;43.34;43.27;43.9;42.79;;;;
27.07.2020;43.41;43.35;43.77;42.39;;;;
28.07.2020;43.22;43.55;43.84;43;;;;
29.07.2020;43.75;43.31;43.95;43.2;;;;
30.07.2020;42.94;43.73;43.8;41.38;;;;
31.07.2020;43.3;43.29;43.44;43.05;;;;
03.08.2020;44.15;43.53;44.46;42.89;;;;
04.08.2020;44.43;43.84;44.82;43.24;;;;
05.08.2020;45.17;44.28;46.23;44.24;;;;
06.08.2020;45.09;45.32;45.71;44.85;;;;
07.08.2020;44.4;45.15;45.3;44.27;;;;
10.08.2020;44.99;44.66;45.26;44.37;;;;
11.08.2020;44.5;45.05;45.79;44.39;;;;
12.08.2020;45.43;44.62;45.63;44.49;;;;
13.08.2020;44.96;45.32;45.58;44.82;;;;
14.08.2020;44.8;45.29;45.29;44.47;;;;
17.08.2020;45.37;44.86;45.41;44.53;;;;
18.08.2020;45.46;45.27;45.55;44.76;;;;
19.08.2020;45.37;45.17;45.48;44.81;;;;
20.08.2020;44.9;45.14;45.18;44.02;;;;
21.08.2020;44.35;45.03;45.08;43.59;;;;
24.08.2020;45.13;44.5;45.18;44.29;;;;
25.08.2020;45.86;45.12;46.07;45.08;;;;
26.08.2020;45.64;45.97;46.1;45.54;;;;
27.08.2020;45.09;45.7;45.87;44.56;;;;
28.08.2020;45.05;45.1;45.3;44.8;;;;
31.08.2020;45.28;45.8;46.53;45.21;;;;
01.09.2020;45.58;45.6;46.22;45.47;;;;
02.09.2020;44.43;45.83;46.05;44.2;;;;
03.09.2020;44.07;44.65;44.65;43.15;;;;
04.09.2020;42.66;43.76;44.54;42.3;;;;
07.09.2020;42.01;42.2;42.43;41.51;;;;
08.09.2020;39.78;42.08;42.23;39.31;;;;
09.09.2020;40.79;39.65;41.2;39.37;;;;
10.09.2020;40.06;40.58;40.96;39.71;;;;
11.09.2020;39.83;39.96;40.34;39.38;;;;
14.09.2020;39.61;39.78;40.09;39.3;;;;
15.09.2020;40.53;39.7;40.82;39.39;;;;
16.09.2020;42.22;40.72;42.44;40.59;;;;
17.09.2020;43.3;42.32;43.5;41.5;;;;
18.09.2020;43.15;43.22;43.8;42.53;;;;
21.09.2020;41.44;43.01;43.3;40.96;;;;
22.09.2020;41.72;41.79;42.2;41.21;;;;
23.09.2020;41.77;41.67;42.62;41.21;;;;
24.09.2020;41.94;41.36;42.02;41.27;;;;
25.09.2020;41.92;41.85;42.33;41.52;;;;
28.09.2020;42.43;41.87;42.62;41.48;;;;
29.09.2020;41.03;42.47;42.52;40.43;;;;
30.09.2020;40.95;40.66;40.98;40.3;;;;
01.10.2020;40.93;42.17;42.56;39.92;;;;
02.10.2020;39.27;40.65;40.77;38.79;;;;
05.10.2020;41.29;39.19;41.78;39.14;;;;
06.10.2020;42.65;41.41;42.84;41.22;;;;
07.10.2020;41.99;41.85;42.42;41.36;;;;
08.10.2020;43.34;42.15;43.47;41.86;;;;
09.10.2020;42.85;43.36;43.57;42.61;;;;
12.10.2020;41.72;42.6;42.71;41.36;;;;
13.10.2020;42.45;41.81;42.68;41.66;;;;
14.10.2020;43.32;42.43;43.45;42.13;;;;
15.10.2020;43.16;43.45;43.48;41.56;;;;
16.10.2020;42.93;43.1;43.21;42.27;;;;
19.10.2020;42.62;42.69;43.23;42.36;;;;
20.10.2020;43.16;42.45;43.3;42.19;;;;
21.10.2020;41.73;42.91;43.04;41.45;;;;
22.10.2020;42.46;41.59;42.79;41.46;;;;
23.10.2020;41.77;42.4;42.8;41.5;;;;
26.10.2020;40.46;41.53;41.63;40.22;;;;
27.10.2020;41.2;40.5;41.47;40.4;;;;
28.10.2020;39.12;40.61;40.7;38.75;;;;
29.10.2020;37.65;39.16;39.45;36.64;;;;
30.10.2020;37.46;37.5;38.1;36.8;;;;
02.11.2020;38.97;37.37;39.36;35.74;;;;
03.11.2020;39.71;39.26;40.45;38.65;;;;
04.11.2020;41.23;40.13;41.33;39.42;;;;
05.11.2020;40.93;40.96;41.53;40.33;;;;
06.11.2020;39.45;40.63;40.69;39.34;;;;
09.11.2020;42.4;39.65;43.48;39.46;;;;
10.11.2020;43.61;41.75;44.11;41.71;;;;
11.11.2020;43.8;43.77;45.3;43.6;;;;
12.11.2020;43.53;43.73;44.5;43.26;;;;
13.11.2020;42.78;43.2;43.34;42.63;;;;
16.11.2020;43.82;42.71;44.67;42.71;;;;
17.11.2020;43.75;43.89;44.25;43.08;;;;
18.11.2020;44.34;43.75;44.89;43.48;;;;
19.11.2020;44.2;43.96;44.57;43.79;;;;
20.11.2020;44.96;44.15;45.24;44.05;;;;
23.11.2020;46.06;45.08;46.12;44.89;;;;
24.11.2020;47.86;45.9;48.03;45.89;;;;
25.11.2020;48.61;47.8;49.06;47.72;;;;
26.11.2020;47.8;48.76;49.09;47.53;;;;
27.11.2020;48.18;47.81;48.44;47.34;;;;
30.11.2020;47.59;47.91;47.99;46.85;;;;
01.12.2020;47.42;47.79;48.3;46.88;;;;
02.12.2020;48.25;47.05;48.76;46.82;;;;
03.12.2020;48.71;48;48.94;47.67;;;;
04.12.2020;49.25;48.96;49.92;48.84;;;;
07.12.2020;48.79;49.23;49.43;48.4;;;;
08.12.2020;48.84;48.58;49;48.09;;;;
09.12.2020;48.86;48.84;49.55;48.4;;;;
10.12.2020;50.25;49;51.06;48.86;;;;
11.12.2020;49.97;50.45;50.74;49.74;;;;
14.12.2020;50.29;50.05;50.8;49.13;;;;
15.12.2020;50.76;50.3;50.89;49.78;;;;
16.12.2020;51.08;50.64;51.2;50.34;;;;
17.12.2020;51.5;51.12;51.9;51.08;;;;
18.12.2020;52.26;51.43;52.48;51.13;;;;
21.12.2020;50.91;52.22;52.32;49.2;;;;
22.12.2020;50.08;50.65;50.86;49.56;;;;
23.12.2020;51.2;49.7;51.59;49.2;;;;
24.12.2020;51.29;51.11;51.77;50.62;;;;
28.12.2020;50.86;51.25;52.02;50.53;;;;
29.12.2020;51.09;51.02;51.63;50.86;;;;
30.12.2020;51.34;51.32;51.56;51.04;;;;
31.12.2020;51.8;51.49;51.84;50.9;;;;
04.01.2021;51.09;51.5;53.33;50.56;;;;
05.01.2021;53.6;50.95;53.9;50.7;;;;
06.01.2021;54.3;53.52;54.73;53.02;;;;
07.01.2021;54.38;54.13;54.9;53.94;;;;
08.01.2021;55.99;54.56;56.36;54.34;;;;
11.01.2021;55.66;56.24;56.39;54.99;;;;
12.01.2021;56.58;55.66;56.79;55.51;;;;
13.01.2021;56.06;56.83;57.42;55.77;;;;
14.01.2021;56.42;55.93;56.57;55.24;;;;
15.01.2021;55.1;56.41;56.5;54.64;;;;
18.01.2021;54.75;54.75;55.21;54.49;;;;
19.01.2021;55.9;55.01;56.08;54.89;;;;
20.01.2021;56.08;56.07;56.64;55.66;;;;
21.01.2021;56.1;55.82;56.24;55.49;;;;
22.01.2021;55.41;56;56.03;54.48;;;;
25.01.2021;55.88;55.26;56.02;55.07;;;;
26.01.2021;55.91;55.93;56.34;55.39;;;;
27.01.2021;55.81;56.05;56.49;55.2;;;;
28.01.2021;55.53;55.41;56.59;55.31;;;;
29.01.2021;55.88;55.52;56.37;55.31;;;;
01.02.2021;56.35;54.91;56.53;54.6;;;;
02.02.2021;57.46;56.35;58.05;56.33;;;;
03.02.2021;58.46;57.85;58.94;57.5;;;;
04.02.2021;58.84;58.59;59.12;58.04;;;;
05.02.2021;59.34;59.17;59.79;59.08;;;;
08.02.2021;60.56;59.43;60.72;59.43;;;;
09.02.2021;61.09;60.8;61.34;60.05;;;;
10.02.2021;61.47;61.21;61.69;60.87;;;;
11.02.2021;61.14;61.01;61.5;60.72;;;;
12.02.2021;62.43;60.82;62.83;60.35;;;;
15.02.2021;63.3;62.83;63.76;62.82;;;;
16.02.2021;63.35;63.47;63.7;62.69;;;;
17.02.2021;64.34;63.15;64.96;62.73;;;;
18.02.2021;63.93;65.02;65.52;63.22;;;;
19.02.2021;62.91;63.3;63.94;62.09;;;;
22.02.2021;65.24;62.68;65.85;62.55;;;;
23.02.2021;65.37;65.51;66.79;64.47;;;;
24.02.2021;67.04;65.06;67.31;64.8;;;;
25.02.2021;66.88;67.2;67.7;66.48;;;;
26.02.2021;66.13;66.89;66.9;65.72;;;;
01.03.2021;63.69;64.85;65.93;63.17;;;;
02.03.2021;62.7;63.12;64.13;62.38;;;;
03.03.2021;64.07;62.38;64.7;62.38;;;;
04.03.2021;66.74;64.1;67.75;63.33;;;;
05.03.2021;69.36;67.16;69.69;66.67;;;;
08.03.2021;68.24;69.97;71.38;67.8;;;;
09.03.2021;67.52;68.13;69.33;67.12;;;;
10.03.2021;67.9;67.46;68.42;66.5;;;;
11.03.2021;69.63;68.45;69.84;67.99;;;;
12.03.2021;69.22;69.59;69.9;69.03;;;;
15.03.2021;68.88;69.08;70.03;67.82;;;;
16.03.2021;68.39;68.81;68.94;67.36;;;;
17.03.2021;68;68.39;68.89;66.96;;;;
18.03.2021;63.28;67.77;68.15;61.45;;;;
19.03.2021;64.53;62.99;64.95;62.07;;;;
22.03.2021;64.62;64.53;65.12;63.45;;;;
23.03.2021;60.79;64.3;64.3;60.27;;;;
24.03.2021;64.41;60.5;64.57;60.47;;;;
25.03.2021;61.95;63.99;64.19;60.98;;;;
26.03.2021;64.57;62.01;64.89;61.85;;;;
29.03.2021;64.98;64.58;65.46;63.13;;;;
30.03.2021;64.14;65.2;65.41;63.52;;;;
31.03.2021;63.54;64.13;64.79;63.53;;;;
01.04.2021;64.86;63.12;65.17;62.38;;;;
05.04.2021;62.15;64.57;64.81;61.25;;;;
06.04.2021;62.74;62.32;64.28;62.08;;;;
07.04.2021;63.16;62.6;63.55;61.6;;;;
08.04.2021;63.2;63.02;63.43;62.38;;;;
09.04.2021;62.95;63.28;63.49;62.57;;;;
12.04.2021;63.28;63.03;64.31;62.41;;;;
13.04.2021;63.67;63.24;64.19;63.18;;;;
14.04.2021;66.58;64.01;66.9;63.88;;;;
15.04.2021;66.94;66.38;67.03;65.95;;;;
16.04.2021;66.77;66.86;67.38;66.44;;;;
19.04.2021;67.05;66.7;67.23;66.17;;;;
20.04.2021;66.57;67.2;68.08;65.51;;;;
21.04.2021;65.32;66.22;66.52;64.96;;;;
22.04.2021;65.4;65.13;65.83;64.58;;;;
23.04.2021;66.11;65.8;66.3;65.16;;;;
26.04.2021;65.65;66.1;66.26;64.57;;;;
27.04.2021;66.42;65.76;66.8;65.66;;;;
28.04.2021;67.27;66.58;67.85;66.13;;;;
29.04.2021;68.56;67.18;68.95;67.13;;;;
30.04.2021;67.25;68.33;68.4;67.06;;;;
03.05.2021;67.56;66.7;67.82;66.1;;;;
04.05.2021;68.88;67.75;69.5;67.37;;;;
05.05.2021;68.96;69.35;69.95;68.35;;;;
06.05.2021;68.09;68.47;69.37;67.93;;;;
07.05.2021;68.28;68.26;68.65;67.39;;;;
10.05.2021;68.32;68.74;69.2;67.41;;;;
11.05.2021;68.55;68.29;68.75;67.13;;;;
12.05.2021;69.32;68.78;69.9;68.18;;;;
13.05.2021;67.05;68.88;69.04;66.48;;;;
14.05.2021;68.71;67;68.89;66.5;;;;
17.05.2021;69.46;68.92;69.62;68.18;;;;
18.05.2021;68.71;69.61;70.24;67.28;;;;
19.05.2021;66.66;68.41;68.46;65.3;;;;
20.05.2021;65.11;66.63;67.17;64.8;;;;
21.05.2021;66.44;65.22;66.94;64.57;;;;
24.05.2021;68.46;66.72;68.64;66.46;;;;
25.05.2021;68.65;68.47;68.9;67.83;;;;
26.05.2021;68.87;68.55;69.17;68.02;;;;
27.05.2021;69.46;68.78;69.51;68.11;;;;
28.05.2021;69.63;69.69;69.92;69.26;;;;
31.05.2021;69.32;68.98;69.82;68.75;;;;
01.06.2021;70.25;69.39;71.34;69.29;;;;
02.06.2021;71.35;70.55;71.48;70.35;;;;
03.06.2021;71.31;71.27;71.99;70.66;;;;
04.06.2021;71.89;71.25;72.17;70.73;;;;
07.06.2021;71.49;71.82;72.27;71.1;;;;
08.06.2021;72.22;71.42;72.42;70.71;;;;
09.06.2021;72.22;72.17;72.87;71.82;;;;
10.06.2021;72.52;72.03;72.93;70.95;;;;
11.06.2021;72.69;72.41;73.09;71.88;;;;
14.06.2021;72.86;72.7;73.64;72.59;;;;
15.06.2021;73.99;73.03;74.33;72.79;;;;
16.06.2021;74.39;74.26;74.96;73.86;;;;
17.06.2021;73.08;73.8;74.5;72.01;;;;
18.06.2021;73.51;73;73.76;72.18;;;;
21.06.2021;74.9;73.33;74.95;72.98;;;;
22.06.2021;74.81;74.88;75.3;74.32;;;;
23.06.2021;75.19;74.75;76.02;74.7;;;;
24.06.2021;75.56;75.3;75.78;74.51;;;;
25.06.2021;76.18;75.54;76.21;74.95;;;;
28.06.2021;74.68;75.99;76.6;74.51;;;;
29.06.2021;74.76;74.67;75.51;73.9;;;;
30.06.2021;75.13;75.18;75.6;74.39;;;;
01.07.2021;75.84;74.69;76.74;74.55;;;;
02.07.2021;76.17;75.64;76.43;75.21;;;;
05.07.2021;77.16;76.23;77.26;75.7;;;;
06.07.2021;74.53;77.06;77.84;74.13;;;;
07.07.2021;73.43;74.69;75.99;72.6;;;;
08.07.2021;74.12;73.35;74.4;72.11;;;;
09.07.2021;75.55;74.39;75.8;73.8;;;;
12.07.2021;75.16;75.79;75.84;74.23;;;;
13.07.2021;76.49;75.25;76.6;74.93;;;;
14.07.2021;74.76;76.28;76.72;73.79;;;;
15.07.2021;73.47;74.5;74.59;73.19;;;;
16.07.2021;73.59;73.18;74.09;72.34;;;;
19.07.2021;68.62;72.86;73.34;67.75;;;;
20.07.2021;69.35;68.99;69.73;67.44;;;;
21.07.2021;72.23;68.92;72.38;68.63;;;;
22.07.2021;73.79;72.24;73.9;71.74;;;;
23.07.2021;74.1;73.56;74.22;73.32;;;;
26.07.2021;74.5;74.12;74.84;72.75;;;;
27.07.2021;74.48;74.67;75.05;74.02;;;;
28.07.2021;74.74;74.77;75.32;74.42;;;;
29.07.2021;76.05;74.76;76.15;74.63;;;;
30.07.2021;76.33;75.81;76.38;75.38;;;;
02.08.2021;72.89;75.39;75.39;72.31;;;;
03.08.2021;72.41;73.08;73.55;71.05;;;;
04.08.2021;70.38;72.33;72.83;70.11;;;;
05.08.2021;71.29;70.27;71.5;69.75;;;;
06.08.2021;70.7;71.2;72.43;70.28;;;;
09.08.2021;69.04;70.26;70.26;67.6;;;;
10.08.2021;70.63;69.35;71.24;68.94;;;;
11.08.2021;71.44;70.83;71.72;69.07;;;;
12.08.2021;71.31;71.57;71.9;70.67;;;;
13.08.2021;70.59;71.12;71.38;70;;;;
16.08.2021;69.51;70.05;70.45;68.14;;;;
17.08.2021;69.03;69.77;70;68.82;;;;
18.08.2021;68.23;68.96;70.04;67.23;;;;
19.08.2021;66.45;67.57;67.64;65.57;;;;
20.08.2021;65.18;66.54;66.93;64.94;;;;
23.08.2021;68.75;64.97;68.9;64.6;;;;
24.08.2021;71.05;68.66;71.27;68.53;;;;
25.08.2021;72.25;71;72.42;70.5;;;;
26.08.2021;71.07;71.94;72.13;70.66;;;;
27.08.2021;72.7;71.53;72.76;71.17;;;;
30.08.2021;73.41;73.25;73.69;72;;;;
31.08.2021;72.99;73.14;73.52;72.62;;;;
01.09.2021;71.59;71.68;72.38;70.42;;;;
02.09.2021;73.03;71.31;73.47;70.92;;;;
03.09.2021;72.61;72.86;73.69;72.4;;;;
06.09.2021;72.22;72.57;72.78;71.51;;;;
07.09.2021;71.69;72.29;72.81;71.1;;;;
08.09.2021;72.6;71.64;72.95;71.55;;;;
09.09.2021;71.45;72.61;73.2;70.88;;;;
10.09.2021;72.92;71.37;73.15;70.94;;;;
13.09.2021;73.51;72.88;73.92;72.69;;;;
14.09.2021;73.6;73.62;74.28;73.08;;;;
15.09.2021;75.46;73.92;76.13;73.78;;;;
16.09.2021;75.67;75.46;75.87;74.48;;;;
17.09.2021;75.34;75.68;75.78;74.58;;;;
20.09.2021;73.92;75.33;75.4;73.52;;;;
21.09.2021;74.36;74.33;75.18;73.26;;;;
22.09.2021;76.19;74.56;76.26;74.49;;;;
23.09.2021;77.25;75.9;77.35;75.6;;;;
24.09.2021;78.09;77.26;78.24;76.85;;;;
27.09.2021;79.53;78.25;79.9;78.21;;;;
28.09.2021;79.09;79.4;80.75;78.1;;;;
29.09.2021;78.64;78.25;79.4;77.5;;;;
30.09.2021;78.52;78.46;79.11;77.6;;;;
01.10.2021;79.28;78.49;79.41;77.55;;;;
04.10.2021;81.26;79.49;82;78.75;;;;
05.10.2021;82.56;81.27;83.13;81.19;;;;
06.10.2021;81.08;82.57;83.47;80.6;;;;
07.10.2021;81.95;80.98;82.5;79.08;;;;
08.10.2021;82.39;82.38;83.43;81.96;;;;
11.10.2021;83.65;82.65;84.6;82.54;;;;
12.10.2021;83.42;83.49;84.23;82.72;;;;
13.10.2021;83.18;83.1;83.69;82.2;;;;
14.10.2021;84;83.45;84.5;83.18;;;;
15.10.2021;84.86;84.3;85.1;84.16;;;;
18.10.2021;84.33;84.95;86.04;83.95;;;;
19.10.2021;85.08;84.21;85.4;83.7;;;;
20.10.2021;85.82;85.19;85.89;83.61;;;;
21.10.2021;84.61;85.9;86.1;83.36;;;;
22.10.2021;85.53;84.52;85.93;83.82;;;;
25.10.2021;85.99;85.65;86.7;85.43;;;;
26.10.2021;86.4;86.03;86.5;85.27;;;;
27.10.2021;84.58;86.07;86.28;84.05;;;;
28.10.2021;84.32;84.21;84.59;82.32;;;;
29.10.2021;84.38;84.33;84.83;83.79;;;;
01.11.2021;84.71;83.63;85.12;83.03;;;;
02.11.2021;84.72;84.45;85.23;83.76;;;;
03.11.2021;81.99;84.07;84.2;81.1;;;;
04.11.2021;80.54;81.58;84.49;80.2;;;;
05.11.2021;82.74;81.25;83.16;80.26;;;;
08.11.2021;83.43;82.58;84;82.53;;;;
09.11.2021;84.78;83.47;85.3;83.16;;;;
10.11.2021;82.64;84.99;85.5;82.08;;;;
11.11.2021;82.87;82.85;83.44;81.66;;;;
12.11.2021;82.17;82.83;82.87;81.26;;;;
15.11.2021;82.05;81.92;82.49;80.67;;;;
16.11.2021;82.43;82;83.14;81.52;;;;
17.11.2021;80.28;82.05;82.22;79.78;;;;
18.11.2021;81.24;80.1;81.41;79.28;;;;
19.11.2021;78.89;81;82.24;78.05;;;;
22.11.2021;79.7;78.58;80.07;77.58;;;;
23.11.2021;82.31;79.51;82.6;78.55;;;;
24.11.2021;82.25;81.88;83;81.74;;;;
25.11.2021;82.22;82.24;82.58;81.7;;;;
26.11.2021;72.72;81.65;81.66;72.14;;;;
29.11.2021;73.44;73.88;77.02;72.41;;;;
30.11.2021;70.57;74.42;74.56;70.22;;;;
01.12.2021;68.87;69.8;72.87;68.14;;;;
02.12.2021;69.67;69.72;70.7;65.72;;;;
03.12.2021;69.88;70.22;72.62;69.24;;;;
06.12.2021;73.08;70.24;73.8;70.24;;;;
07.12.2021;75.44;73.6;76.27;73.2;;;;
08.12.2021;75.82;75.44;76.37;74.38;;;;
09.12.2021;74.42;75.94;76.7;73.84;;;;
10.12.2021;75.15;73.99;75.71;73.8;;;;
13.12.2021;74.39;75.37;76.39;74.2;;;;
14.12.2021;73.7;74.42;75.16;72.57;;;;
15.12.2021;73.88;73.25;74.58;72.5;;;;
16.12.2021;75.02;74.47;75.61;74;;;;
17.12.2021;73.52;74.5;74.98;72.65;;;;
20.12.2021;71.52;72.82;72.87;69.28;;;;
21.12.2021;73.98;71.88;74.27;71.24;;;;
22.12.2021;75.29;74.05;75.67;73.62;;;;
23.12.2021;76.85;75.47;77;74.78;;;;
24.12.2021;76.14;76.72;76.79;75.75;;;;
27.12.2021;78.6;76.32;79.08;75.75;;;;
28.12.2021;78.94;78.67;79.85;78.48;;;;
29.12.2021;79.23;79.28;80.17;78.13;;;;
30.12.2021;79.32;79.19;79.66;78.5;;;;
31.12.2021;77.78;78.81;79.68;77.55;;;;
03.01.2022;78.98;78.11;79.28;77.04;;;;
04.01.2022;80;78.91;80.55;78.62;;;;
05.01.2022;80.8;80.07;81.5;79.51;;;;
06.01.2022;81.99;80.22;82.83;79.61;;;;
07.01.2022;81.75;82;83;81.42;;;;
10.01.2022;80.87;81.76;82.3;80.5;;;;
11.01.2022;83.72;81.08;83.98;80.89;;;;
12.01.2022;84.67;83.78;85.21;83.52;;;;
13.01.2022;84.47;84.87;85.1;83.79;;;;
14.01.2022;86.06;84.12;86.5;83.99;;;;
17.01.2022;86.48;86.15;86.71;85.54;;;;
18.01.2022;87.51;86.47;88.66;86.44;;;;
19.01.2022;88.44;88.65;89.17;87.61;;;;
20.01.2022;88.38;87.89;89.5;87.05;;;;
21.01.2022;87.89;86.75;88.23;85.71;;;;
24.01.2022;86.27;87.93;88.9;85.04;;;;
25.01.2022;88.2;86.76;88.37;86.2;;;;
26.01.2022;89.96;87.95;90.47;87.79;;;;
27.01.2022;89.34;89.7;91.04;89;;;;
28.01.2022;90.03;89.98;91.7;89.41;;;;
31.01.2022;91.21;90.8;91.48;90.61;;;;
01.02.2022;89.16;89.62;89.96;87.72;;;;
02.02.2022;89.47;89.48;90.52;88.28;;;;
03.02.2022;91.11;89.07;91.3;88.02;;;;
04.02.2022;93.27;91.3;93.7;91.2;;;;
07.02.2022;92.69;92.75;94;92.13;;;;
08.02.2022;90.78;92.63;92.93;89.93;;;;
09.02.2022;91.55;91.08;92.09;90.05;;;;
10.02.2022;91.41;91.75;93.1;90.88;;;;
11.02.2022;94.44;91.17;95.66;90.51;;;;
14.02.2022;96.48;95.2;96.78;93.44;;;;
15.02.2022;93.28;95.81;96.26;92.06;;;;
16.02.2022;94.81;93.49;96.07;91.11;;;;
17.02.2022;92.97;92.2;94.5;92.14;;;;
18.02.2022;93.54;92.73;94.15;90.12;;;;
21.02.2022;95.39;94.29;97.4;92.57;;;;
22.02.2022;96.84;96.55;99.5;95.8;;;;
23.02.2022;96.84;96.65;98.71;95.81;;;;
24.02.2022;99.08;98.08;105.79;97.56;;;;
25.02.2022;97.93;100.69;101.99;96;;;;
28.02.2022;100.99;101.98;105.07;99.64;;;;
01.03.2022;104.97;98.43;107.67;98.3;;;;
02.03.2022;112.93;107.34;115.11;106.83;;;;
03.03.2022;110.46;115.27;119.84;109.4;;;;
04.03.2022;118.11;114.23;118.98;109.62;;;;
07.03.2022;123.21;122.79;139.13;119.04;;;;
08.03.2022;127.98;124.56;133.15;121.31;;;;
09.03.2022;111.14;130.28;131.64;105.6;;;;
10.03.2022;109.33;112.65;118.36;109;;;;
11.03.2022;112.67;110.26;113.91;107.13;;;;
14.03.2022;106.9;113.15;113.15;103.49;;;;
15.03.2022;99.91;105.34;105.71;97.44;;;;
16.03.2022;98.02;99.14;103.7;96.93;;;;
17.03.2022;106.64;98.61;107.5;97.75;;;;
18.03.2022;107.93;106.8;109.59;105.78;;;;
21.03.2022;115.62;107.5;116.8;107.06;;;;
22.03.2022;115.48;117.04;119.48;112.64;;;;
23.03.2022;121.6;114.7;122.34;114.45;;;;
24.03.2022;119.03;121.56;123.74;116.93;;;;
25.03.2022;120.65;118.88;120.92;115.16;;;;
28.03.2022;112.48;119.9;119.9;109.06;;;;
29.03.2022;110.23;110.1;114.83;104.84;;;;
30.03.2022;113.45;112;114.8;110.74;;;;
31.03.2022;107.91;112.81;112.94;106.5;;;;
01.04.2022;104.39;105.25;106.24;102.35;;;;
04.04.2022;107.53;104.08;108.68;102.89;;;;
05.04.2022;106.64;108.51;109.9;104.53;;;;
06.04.2022;101.07;105.7;108.67;100.54;;;;
07.04.2022;100.58;101.78;103.59;98.41;;;;
08.04.2022;102.78;101.42;103.3;99.65;;;;
11.04.2022;98.48;103.21;103.3;97.57;;;;
12.04.2022;104.64;99.35;105.6;98.9;;;;
13.04.2022;108.78;105.44;109;104.06;;;;
14.04.2022;111.7;108.29;112.39;106.63;;;;
18.04.2022;113.16;112.32;114.84;110.71;;;;
19.04.2022;107.25;112.85;114.21;106.74;;;;
20.04.2022;106.8;108.1;109;104.65;;;;
21.04.2022;108.33;107.07;109.8;106.76;;;;
22.04.2022;106.65;108.26;108.76;105.54;;;;
25.04.2022;102.32;105.49;105.85;99.48;;;;
26.04.2022;104.99;102.53;106.2;101.08;;;;
27.04.2022;105.32;105.45;106.33;103.27;;;;
28.04.2022;107.59;104.96;108;103.29;;;;
29.04.2022;109.34;107.55;110.3;107;;;;
02.05.2022;107.58;106.3;108.46;103.1;;;;
03.05.2022;104.97;107.61;108.32;104.62;;;;
04.05.2022;110.14;105.91;111;105.46;;;;
05.05.2022;110.9;110.55;114;109.2;;;;
06.05.2022;112.39;111.27;113.5;109.87;;;;
09.05.2022;105.94;112.94;113.2;105;;;;
10.05.2022;102.46;105.5;106.96;101.54;;;;
11.05.2022;107.51;101.51;108.29;101.3;;;;
12.05.2022;107.45;107.67;108.71;104.69;;;;
13.05.2022;111.55;108.25;111.69;107.79;;;;
16.05.2022;114.24;111.67;114.79;108.84;;;;
17.05.2022;111.93;114.42;115.69;111.09;;;;
18.05.2022;109.11;112.91;114.15;108.35;;;;
19.05.2022;112.04;108.22;112.31;105.7;;;;
20.05.2022;112.55;111.45;113.23;110.52;;;;
23.05.2022;113.42;112.85;114.34;111.86;;;;
24.05.2022;113.56;112.79;114.63;111.7;;;;
25.05.2022;114.03;114.12;115.3;113.01;;;;
26.05.2022;117.4;114.35;118;113.85;;;;
27.05.2022;119.43;117.52;119.72;116.63;;;;
30.05.2022;121.67;119.28;122.01;118.98;;;;
31.05.2022;122.84;122.2;125.28;121.6;;;;
01.06.2022;116.29;116.08;118.57;115.4;;;;
02.06.2022;117.61;115.02;118.46;112.45;;;;
03.06.2022;119.72;118.22;121.45;116.02;;;;
06.06.2022;119.51;121.55;121.95;118.77;;;;
07.06.2022;120.57;119.94;121.37;118.55;;;;
08.06.2022;123.58;120.65;124.4;120.45;;;;
09.06.2022;123.07;123.6;124.34;122.5;;;;
10.06.2022;122.01;122.89;124.33;119.81;;;;
13.06.2022;122.27;121.94;123.7;118.93;;;;
14.06.2022;121.17;121.88;125.19;118.91;;;;
15.06.2022;118.51;120.79;121.88;117.75;;;;
16.06.2022;119.81;119.65;120.29;115.56;;;;
17.06.2022;113.12;119.13;121.25;111.72;;;;
20.06.2022;114.13;113.88;114.5;111.52;;;;
21.06.2022;114.65;114.21;116.25;114.02;;;;
22.06.2022;111.74;114.4;114.45;107.03;;;;
23.06.2022;110.05;109.58;112.7;108.04;;;;
24.06.2022;113.12;110.04;114;109.24;;;;
27.06.2022;115.09;112.92;116.08;111.26;;;;
28.06.2022;117.98;115.74;118.27;115.72;;;;
29.06.2022;116.26;117.96;120.41;115.2;;;;
30.06.2022;114.81;116.01;116.67;114.22;;;;
01.07.2022;111.63;109.49;112.45;108.03;;;;
04.07.2022;113.5;111.65;114;110.4;;;;
05.07.2022;102.77;113.54;114.75;101.1;;;;
06.07.2022;100.69;104.88;105.85;98.5;;;;
07.07.2022;104.65;100.14;106.35;98.5;;;;
08.07.2022;107.02;104.65;107.47;103.67;;;;
11.07.2022;107.1;107;107.7;103.64;;;;
12.07.2022;99.49;106.25;106.56;98.9;;;;
13.07.2022;99.57;98.5;101.21;98.28;;;;
14.07.2022;99.1;99.43;100.39;94.5;;;;
15.07.2022;101.16;99.91;102.64;98.17;;;;
18.07.2022;106.27;100.82;106.48;99.46;;;;
19.07.2022;107.35;105.74;107.61;103.6;;;;
20.07.2022;106.92;107.07;107.45;105.08;;;;
21.07.2022;103.86;106.49;106.78;101.5;;;;
22.07.2022;103.2;103.86;105.72;101.9;;;;
25.07.2022;105.15;103.85;105.38;101.64;;;;
26.07.2022;104.4;104.73;107.34;103.99;;;;
27.07.2022;106.62;104.75;107.86;103.73;;;;
28.07.2022;107.14;107.31;109.06;106;;;;
29.07.2022;110.01;108;110.67;106.9;;;;
01.08.2022;100.03;103.92;104.43;99.09;;;;
02.08.2022;100.54;99.87;102.41;98.49;;;;
03.08.2022;96.78;99.73;102.41;96.5;;;;
04.08.2022;94.12;97.1;97.66;93.2;;;;
05.08.2022;94.92;93.65;96.4;92.78;;;;
08.08.2022;96.65;94.51;96.82;93.01;;;;
09.08.2022;96.31;96.36;98.4;94.9;;;;
10.08.2022;97.4;96.34;97.97;93.63;;;;
11.08.2022;99.6;97.04;100.17;96.63;;;;
12.08.2022;98.15;99.33;100.38;96.94;;;;
15.08.2022;95.1;97.72;98.17;92.78;;;;
16.08.2022;92.34;94.01;95.95;91.71;;;;
17.08.2022;93.65;92.67;94.48;91.51;;;;
18.08.2022;96.59;93.29;97.42;93.05;;;;
19.08.2022;96.72;96.68;97.88;94.25;;;;
22.08.2022;95.81;95.36;96.66;92;;;;
23.08.2022;99.17;96;99.41;95.81;;;;
24.08.2022;100.34;99.3;100.89;98.27;;;;
25.08.2022;98.46;100.79;101.53;98.23;;;;
26.08.2022;99.01;98.95;100.1;96.96;;;;
29.08.2022;102.93;98.96;103.22;98.25;;;;
30.08.2022;97.84;102.88;103.48;96.63;;;;
31.08.2022;96.49;99.79;100.46;95.44;;;;
01.09.2022;92.36;95.18;95.68;91.81;;;;
02.09.2022;93.02;92.66;95.32;92.65;;;;
05.09.2022;95.74;93.02;96.99;93.02;;;;
06.09.2022;92.83;95.19;95.94;92.3;;;;
07.09.2022;88;92.81;93.8;87.4;;;;
08.09.2022;88.62;87.98;89.82;87.25;;;;
09.09.2022;92.84;88.62;93.12;88.6;;;;
12.09.2022;94;92.54;95.17;91.21;;;;
13.09.2022;93.17;94.31;95.53;91.05;;;;
14.09.2022;94.1;93.4;95.8;91.93;;;;
15.09.2022;90.84;94.65;94.66;90.03;;;;
16.09.2022;91.35;90.51;92.66;90.25;;;;
19.09.2022;92;91.43;92.57;88.5;;;;
20.09.2022;89.4;90.85;91.57;88.56;;;;
21.09.2022;88.8;89.57;92.23;88.31;;;;
22.09.2022;89.53;88.83;91.74;88.28;;;;
23.09.2022;85.03;89.57;89.88;84.55;;;;
26.09.2022;82.86;85.54;86.45;82.44;;;;
27.09.2022;84.87;82.84;85.84;82.81;;;;
28.09.2022;89.32;86.14;89.47;84.26;;;;
29.09.2022;88.49;88.97;90.12;87.33;;;;
30.09.2022;87.96;88.53;89.8;87.69;;;;
03.10.2022;88.86;86.35;89.82;86.35;;;;
04.10.2022;91.8;88.81;92.4;88.78;;;;
05.10.2022;93.37;91.89;93.96;90.76;;;;
06.10.2022;94.42;93.71;94.98;92.72;;;;
07.10.2022;97.92;94.71;98.58;93.94;;;;
10.10.2022;96.19;98.75;98.75;95.6;;;;
11.10.2022;94.29;95.93;96.46;93.11;;;;
12.10.2022;92.45;93.72;95.17;91.56;;;;
13.10.2022;94.57;92.49;94.92;91.08;;;;
14.10.2022;90.15;92.81;93.45;89.81;;;;
17.10.2022;90.18;90.2;91.79;89.49;;;;
18.10.2022;88.6;90.53;91.22;87.52;;;;
19.10.2022;90.56;89.31;90.95;87.9;;;;
20.10.2022;90.45;90.47;92.66;90.01;;;;
21.10.2022;91.34;90.48;91.72;89.17;;;;
24.10.2022;91.21;91.23;92.3;89.01;;;;
25.10.2022;91.74;91.4;92.48;89.75;;;;
26.10.2022;95.69;92.91;96.25;92.06;;;;
27.10.2022;96.96;96.05;97.27;95.07;;;;
28.10.2022;95.77;96.58;96.89;94.96;;;;
31.10.2022;94.83;96.47;96.47;94.25;;;;
01.11.2022;94.65;92.67;95.55;92.33;;;;
02.11.2022;96.16;94.85;96.5;94.01;;;;
03.11.2022;94.67;95.36;95.98;94.19;;;;
04.11.2022;98.57;94.58;98.81;94.33;;;;
07.11.2022;97.92;97.31;99.56;96.5;;;;
08.11.2022;95.36;98.24;98.3;95;;;;
09.11.2022;92.65;95.17;95.65;92.33;;;;
10.11.2022;93.67;92.53;94.32;91.73;;;;
11.11.2022;95.99;93.84;96.92;93.69;;;;
14.11.2022;93.14;95.87;96.95;92.5;;;;
15.11.2022;93.86;92.59;95.77;91.53;;;;
16.11.2022;92.86;94.11;94.79;91.67;;;;
17.11.2022;89.78;92.73;92.91;89.53;;;;
18.11.2022;87.62;90.1;90.63;85.8;;;;
21.11.2022;87.45;87.74;87.98;82.31;;;;
22.11.2022;88.36;87.76;89.9;87.35;;;;
23.11.2022;85.41;88.47;89.56;84.12;;;;
24.11.2022;85.34;85.04;85.54;83.9;;;;
25.11.2022;83.63;85.5;86.87;83.59;;;;
28.11.2022;83.19;83.58;84.1;80.61;;;;
29.11.2022;83.03;82.41;86;82.39;;;;
30.11.2022;85.43;83.77;85.67;83.61;;;;
01.12.2022;86.88;86.78;89.37;86.26;;;;
02.12.2022;85.55;86.69;87.68;85.17;;;;
05.12.2022;82.66;85.7;88.2;82.53;;;;
06.12.2022;79.67;83.19;83.69;79.05;;;;
07.12.2022;77.59;80.07;80.79;77.32;;;;
08.12.2022;76.59;77.9;79.49;76.19;;;;
09.12.2022;76.6;77.15;77.81;75.64;;;;
12.12.2022;78.34;77.34;78.89;75.67;;;;
13.12.2022;80.86;78.53;81.34;78.41;;;;
14.12.2022;82.75;80.53;83.22;80.31;;;;
15.12.2022;81.32;82.84;83.18;80.92;;;;
16.12.2022;79.49;81.44;81.87;78.76;;;;
19.12.2022;80.14;79.49;81.19;79.02;;;;
20.12.2022;80.53;80.6;81.19;79;;;;
21.12.2022;82.58;80.53;82.92;80.06;;;;
22.12.2022;81.67;82.93;84.21;81.35;;;;
23.12.2022;84.5;82.32;84.7;81.83;;;;
27.12.2022;84.68;85;86.1;84.19;;;;
28.12.2022;83.26;84.6;84.76;81.92;;;;
29.12.2022;82.26;82.88;83.14;81.28;;;;
30.12.2022;85.91;83.71;86;82.88;;;;
03.01.2023;82.1;85.96;87;81.78;;;;
04.01.2023;77.84;82.31;82.72;77.72;;;;
05.01.2023;78.69;78.16;79.97;77.61;;;;
06.01.2023;78.57;78.8;80.59;78.05;;;;
09.01.2023;79.65;78.42;81.37;78.42;;;;
10.01.2023;80.1;79.54;80.89;78.81;;;;
11.01.2023;82.67;79.52;83;79.31;;;;
12.01.2023;84.03;82.88;84.62;82.37;;;;
13.01.2023;85.28;83.91;85.5;83.5;;;;
16.01.2023;84.46;85.36;85.59;83.83;;;;
17.01.2023;85.92;84.2;86.82;84.04;;;;
18.01.2023;84.98;86.45;87.85;84.36;;;;
19.01.2023;86.16;84.34;86.85;83.76;;;;
20.01.2023;87.63;86.42;87.79;85.58;;;;
23.01.2023;88.19;87.7;89.09;86.92;;;;
24.01.2023;86.13;88.07;88.71;85.8;;;;
25.01.2023;86.12;86.28;87;85.41;;;;
26.01.2023;87.47;86.35;88.01;85.74;;;;
27.01.2023;86.66;87.65;88.95;85.69;;;;
30.01.2023;84.9;86.88;87.48;84.66;;;;
31.01.2023;84.49;85.18;85.25;83.73;;;;
01.02.2023;82.84;85.56;86.21;82.37;;;;
02.02.2023;82.17;83.34;83.61;81.25;;;;
03.02.2023;79.94;82.27;84.2;79.62;;;;
06.02.2023;80.99;79.61;81.43;79.1;;;;
07.02.2023;83.69;81.26;84.13;81.19;;;;
08.02.2023;85.09;84.11;85.15;83.51;;;;
09.02.2023;84.5;84.96;85.5;83.05;;;;
10.02.2023;86.39;84.22;86.9;83.93;;;;
13.02.2023;86.61;86.51;86.95;85.1;;;;
14.02.2023;85.58;85.83;86.42;84.13;;;;
15.02.2023;85.38;85.2;85.85;83.88;;;;
16.02.2023;85.14;85.27;86.21;84.6;;;;
17.02.2023;83;84.6;84.87;81.8;;;;
20.02.2023;84.07;83.15;84.3;82.73;;;;
21.02.2023;83.05;83.86;84.2;82.56;;;;
22.02.2023;80.45;82.5;82.96;80.3;;;;
23.02.2023;81.95;80.31;82.46;80.25;;;;
24.02.2023;82.82;82.33;83.09;80.75;;;;
27.02.2023;82.45;83.19;83.6;81.73;;;;
28.02.2023;83.89;82.3;84.15;82.19;;;;
01.03.2023;84.31;83.05;84.49;82.61;;;;
02.03.2023;84.75;84.31;85.1;83.83;;;;
03.03.2023;85.83;84.61;86;82.36;;;;
06.03.2023;86.18;85.83;86.35;84.34;;;;
07.03.2023;83.29;86.23;86.75;82.83;;;;
08.03.2023;82.66;83.03;83.59;82.06;;;;
09.03.2023;81.59;82.55;84;81.42;;;;
10.03.2023;82.78;81.47;83.11;80.73;;;;
13.03.2023;80.77;82.6;83.48;78.34;;;;
14.03.2023;77.45;80.54;80.92;76.89;;;;
15.03.2023;73.28;77.3;78.26;71.3;;;;
16.03.2023;74.29;73.85;75.12;71.49;;;;
17.03.2023;72.77;74.3;75.59;71.38;;;;
20.03.2023;73.54;72.97;73.65;70.06;;;;
21.03.2023;75.03;73.44;75.12;72.62;;;;
22.03.2023;76.38;74.9;76.79;74.26;;;;
23.03.2023;75.91;75.87;77.44;75.12;;;;
24.03.2023;74.99;75.53;76.32;72.68;;;;
27.03.2023;78.12;75;78.42;74.8;;;;
28.03.2023;78.65;78.23;79.2;77.54;;;;
29.03.2023;78.28;78.97;79.68;77.94;;;;
30.03.2023;79.27;78.23;79.55;77.86;;;;
31.03.2023;79.77;79.19;79.8;78.54;;;;
03.04.2023;84.93;86;86.44;83.5;;;;
04.04.2023;84.94;84.89;86.04;83.82;;;;
05.04.2023;84.99;85.22;85.54;84.01;;;;
06.04.2023;85.12;84.89;85.45;84.05;;;;
10.04.2023;84.18;85.1;85.66;84.09;;;;
11.04.2023;85.61;84.24;85.67;83.75;;;;
12.04.2023;87.33;85.59;87.49;85.39;;;;
13.04.2023;86.09;87.19;87.47;86.05;;;;
14.04.2023;86.31;86.18;86.87;85.53;;;;
17.04.2023;84.76;86.43;86.52;84.34;;;;
18.04.2023;84.77;84.74;85.41;83.81;;;;
19.04.2023;83.12;84.9;85.15;82.39;;;;
20.04.2023;81.1;82.75;82.92;80.77;;;;
21.04.2023;81.66;80.79;82.05;80.45;;;;
24.04.2023;82.73;81.87;82.99;80.48;;;;
25.04.2023;80.77;82.59;83.06;80.35;;;;
26.04.2023;77.69;80.92;81.47;77.46;;;;
27.04.2023;78.37;77.77;78.61;77.39;;;;
28.04.2023;79.54;78.25;79.61;77.69;;;;
01.05.2023;79.31;80.11;80.24;78.13;;;;
02.05.2023;75.32;79.28;79.78;75.07;;;;
03.05.2023;72.33;75.31;75.58;71.7;;;;
04.05.2023;72.5;71.28;73.72;71.28;;;;
05.05.2023;75.3;72.69;75.75;72.41;;;;
08.05.2023;77.01;75.23;77.43;74.95;;;;
09.05.2023;77.44;76.71;77.5;75.07;;;;
10.05.2023;76.41;77.36;77.6;75.68;;;;
11.05.2023;74.98;76.62;77.41;74.61;;;;
12.05.2023;74.17;75.35;75.85;74.03;;;;
15.05.2023;75.23;74.15;75.75;73.49;;;;
16.05.2023;74.91;75.55;75.95;74.5;;;;
17.05.2023;76.96;74.67;77.31;74.1;;;;
18.05.2023;75.86;76.78;76.99;75.5;;;;
19.05.2023;75.58;76.03;77.5;75.12;;;;
22.05.2023;75.99;75.63;76.46;74.55;;;;
23.05.2023;76.84;76.15;77.74;75.65;;;;
24.05.2023;78.36;77.7;78.66;77.03;;;;
25.05.2023;76.26;78.22;78.5;75.1;;;;
26.05.2023;76.95;76.09;77.35;75.73;;;;
29.05.2023;77.07;77.39;77.75;76.15;;;;
30.05.2023;73.54;76.98;77.57;73.2;;;;
31.05.2023;72.66;73.6;73.81;71.39;;;;
01.06.2023;74.28;72.15;75.25;72.03;;;;
02.06.2023;76.13;74.28;76.5;74.18;;;;
05.06.2023;76.71;77.68;78.73;76.31;;;;
06.06.2023;76.29;76.55;76.75;74.72;;;;
07.06.2023;76.95;76.22;77.64;75.51;;;;
08.06.2023;75.96;76.8;77.68;73.58;;;;
09.06.2023;74.79;75.53;76.57;74.71;;;;
12.06.2023;71.84;74.87;74.87;71.58;;;;
13.06.2023;74.29;72.11;74.66;71.94;;;;
14.06.2023;73.2;74.05;75.49;73.03;;;;
15.06.2023;75.67;73.41;75.97;72.91;;;;
16.06.2023;76.61;75.64;76.74;75.08;;;;
